,Addendum A.- OPPS APCs for CY 2025,,,,,,,,,,
,Inflation-adjusted 3-digit coinsurance percentage may not precisely reflect the copayment amount due to rounding calculations.,,,,,,,,,,
APC,Group Title,SI,Relative Weight,Payment Rate,National Unadjusted Copayment,Minimum Unadjusted Copayment,IRA Coinsurance percentage,Adjusted Beneficiary Copayment,Drug and Device Pass-Through Expiration during Calendar Year,Note,
0701,Sr89 strontium,K,,"$4,146.335",.,$829.27,,$829.27,,,
0702,"Inj, human-lans, per i.u",G,,$1.801,.,$0.37,,$0.37,,,
0703,Inj daxibotulinumtoxina-lanm,G,,$3.127,.,$0.63,,$0.63,,,
0704,"Inj, aflibercept hd, 1 mg",G,,$329.056,.,$65.82,,$65.82,,,
0705,Inj avacincaptad pegol 0.1mg,G,,$108.704,.,$21.75,,$21.75,,,
0706,Inj talquetamab-tgvs 0.25 mg,G,,$69.972,.,$14.00,19.787%,$13.85,,Inflation-adjusted coinsurance,
0707,"Cantharidin top, applicator",G,,$711.753,.,$142.36,,$142.36,,,
0708,"Inj, elranatamab-bcmm, 1 mg",G,,$177.647,.,$35.53,,$35.53,,,
0709,Flortaucipir inj 1 millicuri,G,,"$3,710.000",.,$0.00,,$0.00,,,
0710,Inj velmanase alfa-tycv 1 mg,G,,$440.808,.,$88.17,,$88.17,,,
0711,"Inj, artesunate, 1mg",K,,$51.829,.,$10.37,,$10.37,,,
0713,Inj roctavian ml 2x10^13vc g,G,,"$11,667.969",.,"$2,333.60",,"$1,676.00",,"Copayments capped at inpatient deductible of $1,676.00.",
0714,Inj delandistrogene mox rokl,G,,"$3,321,781.505",.,"$664,356.31",,"$1,676.00",,"Copayments capped at inpatient deductible of $1,676.00.",
0715,Pegunigalsidase alfa-iwxj,G,,$226.793,.,$45.36,19.758%,$44.81,,Inflation-adjusted coinsurance,
0716,"Vyjuvek 5x10^9pfu/ml, 0.1 ml",G,,"$1,016.784",.,$203.36,,$203.36,,,
0717,"Instill adstiladrin, tx dose",G,,"$63,402.043",.,"$12,680.41",,"$1,676.00",,"Copayments capped at inpatient deductible of $1,676.00.",
0718,"Inj, carmustine (accord)",K,,$0.051,.,$0.02,,$0.02,,,
0720,"Inj glofitamab gxbm, 2.5 mg",G,,"$2,770.911",.,$554.19,,$554.19,,,
0721,Inj ronzanolixizum-noli 1 mg,G,,$22.821,.,$4.57,,$4.57,,,
0722,"Dexmedetomidine film, 1 mcg",K,,$0.652,.,$0.14,,$0.14,,,
0723,Inj efgart-alfa 2mg hya-qvfc,K,,$33.101,.,$6.63,,$6.63,,,
0725,Inj secukinumab intrav 1mg,G,,$17.720,.,$3.55,,$3.55,,,
0726,Dexrazoxane HCl injection,K,,$80.875,.,$16.18,,$16.18,,,
0727,"Inj, adzynma, 10 iu",G,,$34.571,.,$6.92,,$6.92,,,
0728,"Inj, mirikizumab-mrkz, 1 mg",G,,$45.393,.,$9.08,,$9.08,,,
0729,"Inj, motixafortide, 0.25 mg",G,,$25.218,.,$5.05,,$5.05,,,
0730,Inj melphalan (hepzato) 1 mg,G,,$773.800,.,$154.76,,$154.76,,,
0731,Sargramostim injection,K,,$60.018,.,$12.01,19.839%,$11.91,,Inflation-Adjusted Coinsurance,
0732,"Inj, brixadi, 7 days or less",G,,$428.656,.,$85.74,19.275%,$82.63,,Inflation-adjusted coinsurance,
0733,"Inj brixadi, more than 7 day",G,,"$1,714.625",.,$342.93,19.275%,$330.50,,Inflation-adjusted coinsurance,
0734,"Inj, levothyroxine, freskabi",K,,$3.818,.,$0.77,,$0.77,,,
0735,"Inj, levothyroxine, hikma",K,,$5.136,.,$1.03,,$1.03,,,
0736,Amphotericin b liposome inj,K,,$23.975,.,$4.80,,$4.80,,,
0737,"Inj, cipaglucosidase, 5 mg",G,,$89.377,.,$17.88,,$17.88,,,
0738,Rasburicase,K,,$369.967,.,$74.00,,$74.00,,,
0739,"Inj, rykindo, 0.5 mg",K,,$13.029,.,$2.61,,$2.61,,,
0740,Inj hydroxocobalamin iv 25mg,K,,$5.184,.,$1.04,,$1.04,,,
0741,Inj cyclophosphamd (ingenus),K,,$2.188,.,$0.44,17.035%,$0.38,,Inflation-adjusted coinsurance,
0742,Anacaulase-bcdb 8.8% gel 1 g,G,,$56.993,.,$11.40,,$11.40,,,
0743,"Inj, cyclophosphamide, nos",K,,$0.876,.,$0.18,,$0.18,,,
0744,Inst tauro 1.35mg/hep 100u,G,,$8.656,.,$1.74,,$1.74,,,
0745,"Inj, toripalimab-tpzi, 1 mg",G,,$39.318,.,$7.87,,$7.87,,,
0746,"Inj, betibeglogene autotemce",G,,"$2,968,000.000",.,"$593,600.00",,"$1,676.00",,"Copayments capped at inpatient deductible of $1,676.00.",
0748,"Inj, lovotibeglogene autotem",G,,"$3,193,000.000",.,"$638,600.00",,"$1,676.00",,"Copayments capped at inpatient deductible of $1,676.00.",
0749,Inj travoprost intra impl,G,,$197.160,.,$39.44,,$39.44,,,
0750,"Inj, nithiodote, 3mg / 125mg",K,,$2.166,.,$0.44,,$0.44,,,
0752,Dactinomycin injection,K,,$324.801,.,$64.97,,$64.97,,,
0753,Inj cefazolin (wg crit care),K,,$1.109,.,$0.23,,$0.23,,,
0754,Daptomycin (xellia) unrefrig,K,,$0.042,.,$0.01,,$0.01,,,
0755,Oral methotrexate (jylamvo),K,,$18.968,.,$3.80,,$3.80,,,
0756,Oral methotrexate (xatmep),K,,$20.710,.,$4.15,,$4.15,,,
0757,"Docetaxel (docivyx), 1 mg",G,,$52.211,.,$10.45,,$10.45,,,
0759,"Naltrexone, depot form",K,,$4.123,.,$0.83,,$0.83,,,
0760,Tc-99m graphite crucible,G,,$328.600,.,$0.00,,$0.00,,,
0761,"Inj, focinvez, 1mg",G,,$3.116,.,$0.63,,$0.63,,,
0762,"Bupivacaine implant, 1 mg",K1,,$0.859,.,$0.18,,$0.18,,,
0763,"Inj, bupivacaine liposome",K1,,$1.445,.,$0.29,,$0.29,,,
0764,Ketorolac tromethamine inj,K1,,$0.751,.,$0.16,,$0.16,,,
0765,"Inj, donanemab-azbt, 2 mg",G,,$4.094,.,$0.82,,$0.82,,,
0766,Tc99m exametazime,K,,$802.340,,$160.47,,$160.47,,,
0767,"Inj, nogapendekin pmln 1 mcg",G,,$94.870,.,$18.98,,$18.98,,,
0768,"Inj, tarlatamab-dlle, 1 mg",G,,"$1,575.419",.,$315.09,,$315.09,,,
0769,"In111 ibritumomab, dx",K,,$798.020,.,$159.61,,$159.61,,,
0770,In111 oxyquinoline,K,,$772.640,.,$154.53,,$154.53,,,
0771,In111 pentetate,K,,$715.290,.,$143.06,,$143.06,,,
0772,"Inj, pegulicianine, 1 mg",G,,$37.508,.,$0.00,,$0.00,,,
0773,"Inj, beqvez, per tx dose",G,,"$3,710,000.000",.,"$742,000.00",,"$1,676.00",,"Copayments capped at inpatient deductible of $1,676.00.",
0774,Tc99m bicisate,K,,$683.800,.,$136.76,,$136.76,,,
0775,Technetium tc99m arcitumomab,K,,$809.510,.,$161.91,,$161.91,,,
0776,Technetium tc-99m auto wbc,K,,"$1,040.320",.,$208.07,,$208.07,,,
0777,Indium in-111 auto wbc,K,,"$1,031.390",.,$206.28,,$206.28,,,
0778,"Inj, vasopressin (baxter)",G,,$3.634,.,$0.73,,$0.73,,,
0779,Indium in-111 pentetreotide,K,,"$1,914.610",.,$382.93,,$382.93,,,
0780,Iodine i-123 iobenguane,K,,"$2,074.810",.,$414.97,,$414.97,,,
0781,Iodine i-123 ioflupane,K,,"$1,388.020",.,$277.61,,$277.61,,,
0782,"Inj, pemrydi rtu, 10 mg",G,,$82.135,.,$16.43,,$16.43,,,
0784,"Inj, tyenne, 1 mg",G,,$4.106,.,$0.83,,$0.83,,8% of reference add-on applied,
0785,"Inj, cyclophosphamd, sandoz",K,,$4.351,.,$0.88,,$0.88,,,
0786,"Inj, tofidence, 1 mg",G,,$5.996,.,$1.20,,$1.20,,8% of reference add-on applied,
0788,"Inj cefazolin sodium, hikma",K,,$1.003,.,$0.21,,$0.21,,,
0789,Inj daptomycin (xellia),K,,$0.037,.,$0.01,,$0.01,,,
0790,"Inj, methylpred acetate 1 mg",K,,$0.117,.,$0.03,,$0.03,,,
0791,"Inj, hydromorphone, 0.1 mg",K,,$0.089,.,$0.02,,$0.02,,,
0792,"Inj, glycopyrrolate, 0.1 mg",K,,$0.576,.,$0.12,,$0.12,,,
0793,Inj glycopyrrolate fres kabi,K,,$2.019,.,$0.41,,$0.41,,,
0794,"Inj, bumetanide, 0.5 mg",K,,$0.579,.,$0.12,,$0.12,,,
0795,"Inj, lidocaine in d5w, 1 mg",K,,$0.003,$0.00,$0.01,,$0.01,,,
0796,Inj meropenem (wg crit care),K,,$1.654,.,$0.34,,$0.34,,,
0797,"Inj, immphentiv, 20 mcg",K,,$0.139,.,$0.03,,$0.03,,,
0798,"Inj, sezaby, 1 mg",K,,$0.652,.,$0.14,,$0.14,,,
0799,Inj fluphenazine hcl 1.25 mg,K,,$7.693,.,$1.54,,$1.54,,,
0800,Leuprolide acetate,K,,"$1,666.776",.,$333.36,18.865%,$314.44,,Inflation-Adjusted Coinsurance,
0801,"Inj, methylpred sod succ 5mg",K,,$0.268,.,$0.06,,$0.06,,,
0803,Hydroxocobalamin im 10mcg,K,,$0.008,$0.00,$0.01,,$0.01,,,
0804,"Capecitabine, oral, 50 mg",K,,$0.040,.,$0.01,,$0.01,,,
0805,"Hiv prep, inj, cabotegravir",K,,$6.892,.,$1.38,,$1.38,,,
0806,"Hiv prep, ftc/tdf 200/300mg",K,,$1.817,.,$0.37,,$0.37,,,
0807,Aldesleukin injection,K,,"$5,301.260",.,"$1,060.26",,"$1,060.26",,,
0808,"Hiv prep, ftc/taf 200/25mg",K,,$71.289,.,$14.26,,$14.26,,,
0810,Goserelin acetate implant,K,,$703.060,.,$140.62,18.185%,$127.86,,Inflation-Adjusted Coinsurance,
0811,"Inj, nypozi, 1 mcg",G,,$0.535,.,$0.11,,$0.11,,,
0812,Carmustine injection,K,,$255.320,.,$51.07,,$51.07,,,
0813,"Injection, imetelstat, 1 mg",G,,$55.466,.,$11.10,,$11.10,,,
0814,"Inj, magtrace per study dose",G,,"$1,137.959",.,$0.00,,$0.00,,,
0815,"Inj, palonosetron (posfrea)",G,,$59.740,.,$11.95,,$11.95,,,
0816,"Inj, tislelizumab-jsgr",G,,$551.624,.,$110.33,,$110.33,,,
0817,"Inj, adalimumab, 1 mg",K,,$91.725,.,$18.35,,$18.35,,,
0818,"Inj, crovalimab-akkz, 10 mg",K,,$535.903,.,$107.19,,$107.19,,,
0819,"Inj, alyglo, 500 mg",K,,$146.889,.,$29.38,,$29.38,,,
0820,Daunorubicin injection,K,,$23.517,.,$4.71,,$4.71,,,
0822,"Inj, romiplostim 1 microgram",K,,$10.543,.,$2.11,18.772%,$1.98,,Inflation-adjusted coinsurance,
0824,"Inj, exagamglogene autotem",K,,"$2,332,000.000",.,"$466,400.00",,"$1,676.00",,"Copayments capped at inpatient deductible of $1,676.00.",
0825,Nelarabine injection,K,,$74.755,.,$14.96,,$14.96,,,
0826,"Inj adalimumab-fkjp, 1 mg",K,,$87.138,.,$17.43,,$17.43,,,
0827,Floxuridine injection,K,,"$3,989.640",.,$797.93,,$797.93,,,
0828,"Inj adalimumab-aaty, 1 mg",K,,$43.569,.,$8.72,,$8.72,,,
0829,"Inj adalimumab-ryvk, 1 mg",K,,$10.537,.,$2.11,,$2.11,,,
0830,"Inj adalimumab-adbm, 1 mg",K,,$10.434,.,$2.09,,$2.09,,,
0833,"Inj, idacio, 1 mg",K,,$15.019,.,$3.01,,$3.01,,,
0834,"Inj, abrilada, 1 mg",K,,$128.069,.,$25.62,,$25.62,,,
0840,Inj melpha hydroch nos 50 mg,K,,$133.694,.,$26.74,,$26.74,,,
0843,Pegaspargase injection,K,,"$27,070.534",.,"$5,414.11",19.139%,"$1,676.00",,"Inflation-adjusted coinsurance;Copayments capped at inpatient deductible of $1,676.00.",
0844,Pentostatin injection,K,,"$2,732.531",.,$546.51,17.347%,$474.02,,Inflation-Adjusted Coinsurance,
0851,Thiotepa injection,K,,$221.753,.,$44.36,,$44.36,,,
0856,Porfimer sodium injection,K,,"$24,228.420",.,"$4,845.69",,"$1,676.00",,"Copayments capped at inpatient deductible of $1,676.00.",
0858,Inj cladribine,K,,$11.270,.,$2.26,,$2.26,,,
0864,Mitoxantrone hydrochl,K,,$60.819,.,$12.17,,$12.17,,,
0874,Synvisc or synvisc-one,K,,$9.163,.,$1.84,,$1.84,,,
0875,Euflexxa inj per dose,K,,$120.682,.,$24.14,,$24.14,,,
0877,Orthovisc inj per dose,K,,$92.136,.,$18.43,,$18.43,,,
0887,Azathioprine parenteral,K,,$228.968,.,$45.80,,$45.80,,,
0890,Lymphocyte immune globulin,K,,"$4,355.733",.,$871.15,13.043%,$568.12,,Inflation-Adjusted Coinsurance,
0901,Alpha 1 proteinase inhibitor,K,,$5.091,.,$1.02,,$1.02,,,
0902,"Injection,onabotulinumtoxinA",K,,$6.471,.,$1.30,,$1.30,,,
0903,Cytomegalovirus imm IV /vial,K,,"$1,814.108",.,$362.83,,$362.83,,,
0925,Factor viii,K,,$1.117,.,$0.23,,$0.23,,,
0927,Factor viii recombinant,K,,$1.542,.,$0.31,,$0.31,,,
0928,Factor ix complex,K,,$1.655,.,$0.34,,$0.34,,,
0929,Anti-inhibitor,K,,$2.363,.,$0.48,,$0.48,,,
0931,Factor IX non-recombinant,K,,$1.341,.,$0.27,,$0.27,,,
0932,Factor ix recombinant nos,K,,$1.840,.,$0.37,,$0.37,,,
0943,Octagam injection,K,,$49.301,.,$9.87,,$9.87,,,
0944,Gammagard liquid injection,K,,$46.459,.,$9.30,,$9.30,,,
0946,Hepagam b im injection,K,,$65.935,.,$13.19,,$13.19,,,
0947,Flebogamma injection,K,,$44.540,.,$8.91,,$8.91,,,
0948,Gamunex-C/Gammaked,K,,$49.009,.,$9.81,,$9.81,,,
0963,"Albumin (human), 5%, 250 ml",K,,$53.077,.,$10.62,,$10.62,,,
0964,"Albumin (human), 25%, 20 ml",K,,$21.231,.,$4.25,,$4.25,,,
1015,Injection glatiramer acetate,K,,$171.571,.,$34.32,,$34.32,,,
1064,"I131 iodide cap, rx",K,,$23.130,.,$4.63,,$4.63,,,
1138,"Hepagam b intravenous, inj",K,,$65.935,.,$13.19,,$13.19,,,
1139,Protein c concentrate,K,,$15.031,.,$3.01,,$3.01,,,
1142,Supprelin LA implant,K,,"$45,261.796",.,"$9,052.36",,"$1,676.00",,"Copayments capped at inpatient deductible of $1,676.00.",
1150,"I131 iodide sol, rx",K,,$20.880,.,$4.18,,$4.18,,,
1168,"Inj, temsirolimus",K,,$29.518,.,$5.91,,$5.91,,,
1178,Busulfan injection,K,,$1.416,.,$0.29,,$0.29,,,
1203,Verteporfin injection,K,,$11.503,.,$2.31,,$2.31,,,
1207,"Octreotide injection, depot",K,,$218.371,.,$43.68,,$43.68,,,
1213,Antihemophilic viii/vwf comp,K,,$1.199,.,$0.24,,$0.24,,,
1214,Inj IVIG privigen 500 mg,K,,$49.284,.,$9.86,,$9.86,,,
1232,Mitomycin injection,K,,$46.348,.,$9.27,,$9.27,,,
1235,Valrubicin injection,K,,"$1,392.518",.,$278.51,,$278.51,,,
1237,Inj iron dextran,K,,$17.404,.,$3.49,,$3.49,,,
1263,Antithrombin iii injection,K,,$3.961,.,$0.80,,$0.80,,,
1268,Xyntha inj,K,,$1.499,.,$0.30,,$0.30,,,
1274,Edetate calcium disodium inj,K,,"$6,084.101",.,"$1,216.83",,"$1,216.83",,,
1281,Bevacizumab injection,K,,$1.830,.,$0.37,,$0.37,,,
1289,AbobotulinumtoxinA,K,,$8.526,.,$1.71,,$1.71,,,
1295,Sm 153 lexidronam,K,,"$4,314.910",,$862.99,,$862.99,,,
1296,Degarelix injection,K,,$4.281,.,$0.86,,$0.86,,,
1297,"Ferumoxytol, non-esrd",K,,$0.377,.,$0.08,,$0.08,,,
1311,Canakinumab injection,K,,$135.878,.,$27.18,,$27.18,,,
1312,Hizentra injection,K,,$13.637,.,$2.73,19.810%,$2.71,,Inflation-adjusted coinsurance,
1327,Imiglucerase injection,K,,$43.381,.,$8.68,,$8.68,,,
1331,Olanzapine long-acting inj,K,,$2.917,.,$0.59,,$0.59,,,
1340,"Collagenase, clost hist inj",K,,$70.887,.,$14.18,18.456%,$13.09,,Inflation-Adjusted Coinsurance,
1352,Wilate injection,K,,$1.283,.,$0.26,,$0.26,,,
1353,Belimumab injection,K,,$54.908,.,$10.99,,$10.99,,,
1413,Lumizyme injection,K,,$201.640,.,$40.33,,$40.33,,,
1415,Glassia injection,K,,$5.512,.,$1.11,,$1.11,,,
1416,Factor xiii anti-hem factor,K,,$10.473,.,$2.10,,$2.10,,,
1417,Gel-one,K,,$526.376,.,$105.28,,$105.28,,,
1420,Aflibercept injection,K,,$801.065,.,$160.22,,$160.22,,,
1421,Imported lipodox inj,K,,$528.860,.,$105.78,,$105.78,,,
1426,Eribulin mesylate injection,K,,$133.317,.,$26.67,,$26.67,,,
1431,Centruroides immune f(ab),K,,"$4,799.104",.,$959.83,,$959.83,,,
1433,Calcitonin salmon injection,K,,"$1,142.411",.,$228.49,,$228.49,,,
1440,Inj desmopressin acetate,K,,$4.950,.,$1.00,,$1.00,,,
1442,Non-HEU TC-99M add-on/dose,K,,$10.000,.,$2.00,,$2.00,,,
1443,Icatibant injection,K,,$135.056,.,$27.02,,$27.02,,,
1446,Visualization adjunct,K,,$8.901,.,$1.79,,$1.79,,,
1458,Phentolaine mesylate inj,K,,$394.625,.,$78.93,,$78.93,,,
1468,"Inj, abilify maintena, 1 mg",K,,$7.070,.,$1.42,,$1.42,,,
1469,Inj filgrastim excl biosimil,K,,$0.984,.,$0.20,,$0.20,,,
1471,"Injection, Pertuzumab, 1 mg",K,,$16.190,.,$3.24,,$3.24,,,
1472,Inj beta interferon im 1 mcg,K,,$55.620,.,$11.13,,$11.13,,,
1474,Certolizumab pegol inj 1mg,K,,$3.898,.,$0.78,,$0.78,,,
1475,Golimumab for iv use 1mg,K,,$10.536,.,$2.11,,$2.11,,,
1476,Obinutuzumab inj,K,,$74.827,.,$14.97,,$14.97,,,
1478,Inj human fibrinogen con nos,K,,$1.483,.,$0.30,,$0.30,,,
1480,"Elosulfase alfa, injection",K,,$293.924,.,$58.79,,$58.79,,,
1482,"Darbepoetin alfa, esrd use",K,,$2.972,.,$0.60,,$0.60,,,
1485,"Ferumoxytol, esrd use",K,,$0.377,.,$0.08,,$0.08,,,
1486,Factor ix fc fusion recomb,K,,$3.575,.,$0.72,,$0.72,,,
1488,"Injection, ramucirumab",K,,$72.912,.,$14.59,,$14.59,,,
1489,Inj vedolizumab iv 1 mg,K,,$21.670,.,$4.34,,$4.34,,,
1490,Inj pembrolizumab,K,,$57.603,.,$11.53,,$11.53,,,
1491,New Technology  - Level 1A ($0-$10),S,,$5.000,.,$1.00,,,,,
1492,New Technology  - Level 1B ($11-$20),S,,$15.500,.,$3.10,,,,,
1493,New Technology  - Level 1C ($21-$30),S,,$25.500,.,$5.10,,,,,
1494,New Technology  - Level 1D ($31-$40),S,,$35.500,.,$7.10,,,,,
1495,New Technology  - Level 1E ($41-$50),S,,$45.500,.,$9.10,,,,,
1496,New Technology  - Level 1A ($0-$10),T,,$5.000,.,$1.00,,,,,
1497,New Technology  - Level 1B ($11-$20),T,,$15.500,.,$3.10,,,,,
1498,New Technology  - Level 1C ($21-$30),T,,$25.500,.,$5.10,,,,,
1499,New Technology  - Level 1D ($31-$40),T,,$35.500,.,$7.10,,,,,
1500,New Technology  - Level 1E ($41-$50),T,,$45.500,.,$9.10,,,,,
1502,New Technology - Level 2 ($51 - $100),S,,$75.500,.,$15.10,,,,,
1503,New Technology - Level 3 ($101 - $200),S,,$150.500,.,$30.10,,,,,
1504,New Technology - Level 4 ($201 - $300),S,,$250.500,.,$50.10,,,,,
1505,New Technology - Level 5 ($301 - $400),S,,$350.500,.,$70.10,,,,,
1506,New Technology - Level 6 ($401 - $500),S,,$450.500,.,$90.10,,,,,
1507,New Technology - Level 7 ($501 - $600),S,,$550.500,.,$110.10,,,,,
1508,New Technology - Level 8 ($601 - $700),S,,$650.500,.,$130.10,,,,,
1509,New Technology - Level 9 ($701 - $800),S,,$750.500,.,$0.00,,,,,
1510,New Technology - Level 10 ($801 - $900),S,,$850.500,.,$170.10,,,,,
1511,New Technology - Level 11 ($901 - $1000),S,,$950.500,.,$190.10,,,,,
1512,New Technology - Level 12 ($1001 - $1100),S,,"$1,050.500",.,$210.10,,,,,
1513,New Technology - Level 13 ($1101 - $1200),S,,"$1,150.500",.,$230.10,,,,,
1514,New Technology - Level 14 ($1201- $1300),S,,"$1,250.500",.,$250.10,,,,,
1515,New Technology - Level 15 ($1301 - $1400),S,,"$1,350.500",.,$270.10,,,,,
1516,New Technology - Level 16  ($1401 - $1500),S,,"$1,450.500",.,$290.10,,,,,
1517,New Technology - Level 17 ($1501-$1600),S,,"$1,550.500",.,$310.10,,,,,
1518,New Technology - Level 18 ($1601-$1700),S,,"$1,650.500",.,$330.10,,,,,
1519,New Technology - Level 19 ($1701-$1800),S,,"$1,750.500",.,$350.10,,,,,
1520,New Technology - Level 20 ($1801-$1900),S,,"$1,850.500",.,$370.10,,,,,
1521,New Technology - Level 21 ($1901-$2000),S,,"$1,950.500",.,$390.10,,,,,
1522,New Technology - Level 22 ($2001-$2500),S,,"$2,250.500",.,$450.10,,,,,
1523,New Technology - Level 23 ($2501-$3000),S,,"$2,750.500",.,$550.10,,,,,
1524,New Technology - Level 24 ($3001-$3500),S,,"$3,250.500",.,$650.10,,,,,
1525,New Technology - Level 25 ($3501-$4000),S,,"$3,750.500",.,$750.10,,,,,
1526,New Technology - Level 26 ($4001-$4500),S,,"$4,250.500",.,$850.10,,,,,
1527,New Technology - Level 27 ($4501-$5000),S,,"$4,750.500",.,$950.10,,,,,
1528,New Technology - Level 28 ($5001-$5500),S,,"$5,250.500",.,"$1,050.10",,,,,
1529,New Technology - Level 29 ($5501-$6000),S,,"$5,750.500",.,"$1,150.10",,,,,
1530,New Technology - Level 30 ($6001-$6500),S,,"$6,250.500",.,"$1,250.10",,,,,
1531,New Technology - Level 31 ($6501-$7000),S,,"$6,750.500",.,"$1,350.10",,,,,
1532,New Technology - Level 32 ($7001-$7500),S,,"$7,250.500",.,"$1,450.10",,,,,
1533,New Technology - Level 33 ($7501-$8000),S,,"$7,750.500",.,"$1,550.10",,,,,
1534,New Technology - Level 34 ($8001-$8500),S,,"$8,250.500",.,"$1,650.10",,"$1,676.00",,"Copayments capped at inpatient deductible of $1,676.00.",
1535,New Technology - Level 35 ($8501-$9000),S,,"$8,750.500",.,"$1,750.10",,"$1,676.00",,"Copayments capped at inpatient deductible of $1,676.00.",
1536,New Technology - Level 36 ($9001-$9500),S,,"$9,250.500",.,"$1,850.10",,"$1,676.00",,"Copayments capped at inpatient deductible of $1,676.00.",
1537,New Technology - Level 37 ($9501-$10000),S,,"$9,750.500",.,"$1,950.10",,"$1,676.00",,"Copayments capped at inpatient deductible of $1,676.00.",
1539,New Technology - Level 2 ($51 - $100),T,,$75.500,.,$15.10,,,,,
1540,New Technology - Level 3 ($101 - $200),T,,$150.500,.,$30.10,,,,,
1541,New Technology - Level 4 ($201 - $300),T,,$250.500,.,$50.10,,,,,
1542,New Technology - Level 5 ($301 - $400),T,,$350.500,.,$70.10,,,,,
1543,New Technology - Level 6 ($401 - $500),T,,$450.500,.,$90.10,,,,,
1544,New Technology - Level 7 ($501 - $600),T,,$550.500,.,$110.10,,,,,
1545,New Technology - Level 8 ($601 - $700),T,,$650.500,.,$130.10,,,,,
1546,New Technology - Level 9 ($701 - $800),T,,$750.500,.,$150.10,,,,,
1547,New Technology - Level 10 ($801 - $900),T,,$850.500,.,$170.10,,,,,
1548,New Technology - Level 11 ($901 - $1000),T,,$950.500,.,$190.10,,,,,
1549,New Technology - Level 12 ($1001 - $1100),T,,"$1,050.500",.,$210.10,,,,,
1550,New Technology - Level 13 ($1101 - $1200),T,,"$1,150.500",.,$230.10,,,,,
1551,New Technology - Level 14 ($1201- $1300),T,,"$1,250.500",.,$250.10,,,,,
1552,New Technology - Level 15 ($1301 - $1400),T,,"$1,350.500",.,$270.10,,,,,
1553,New Technology - Level 16 ($1401 - $1500),T,,"$1,450.500",.,$290.10,,,,,
1554,New Technology - Level 17 ($1501-$1600),T,,"$1,550.500",.,$310.10,,,,,
1555,New Technology - Level 18 ($1601-$1700),T,,"$1,650.500",.,$330.10,,,,,
1556,New Technology - Level 19 ($1701-$1800),T,,"$1,750.500",.,$350.10,,,,,
1557,New Technology - Level 20 ($1801-$1900),T,,"$1,850.500",.,$370.10,,,,,
1558,New Technology - Level 21 ($1901-$2000),T,,"$1,950.500",.,$390.10,,,,,
1559,New Technology - Level 22 ($2001-$2500),T,,"$2,250.500",.,$450.10,,,,,
1560,New Technology - Level 23 ($2501-$3000),T,,"$2,750.500",.,$550.10,,,,,
1561,New Technology - Level 24 ($3001-$3500),T,,"$3,250.500",.,$650.10,,,,,
1562,New Technology - Level 25 ($3501-$4000),T,,"$3,750.500",.,$750.10,,,,,
1563,New Technology - Level 26 ($4001-$4500),T,,"$4,250.500",.,$850.10,,,,,
1564,New Technology - Level 27 ($4501-$5000),T,,"$4,750.500",.,$950.10,,,,,
1565,New Technology - Level 28 ($5001-$5500),T,,"$5,250.500",.,"$1,050.10",,,,,
1566,New Technology - Level 29 ($5501-$6000),T,,"$5,750.500",.,"$1,150.10",,,,,
1567,New Technology - Level 30 ($6001-$6500),T,,"$6,250.500",.,"$1,250.10",,,,,
1568,New Technology - Level 31 ($6501-$7000),T,,"$6,750.500",.,"$1,350.10",,,,,
1569,New Technology - Level 32 ($7001-$7500),T,,"$7,250.500",.,"$1,450.10",,,,,
1570,New Technology - Level 33 ($7501-$8000),T,,"$7,750.500",.,"$1,550.10",,,,,
1571,New Technology - Level 34 ($8001-$8500),T,,"$8,250.500",.,"$1,650.10",,"$1,676.00",,"Copayments capped at inpatient deductible of $1,676.00.",
1572,New Technology - Level 35 ($8501-$9000),T,,"$8,750.500",.,"$1,750.10",,"$1,676.00",,"Copayments capped at inpatient deductible of $1,676.00.",
1573,New Technology - Level 36 ($9001-$9500),T,,"$9,250.500",.,"$1,850.10",,"$1,676.00",,"Copayments capped at inpatient deductible of $1,676.00.",
1574,New Technology - Level 37 ($9501-$10000),T,,"$9,750.500",.,"$1,950.10",,"$1,676.00",,"Copayments capped at inpatient deductible of $1,676.00.",
1575,"New Technology - Level 38 ($10,001-$15,000)",S,,"$12,500.500",.,"$2,500.10",,"$1,676.00",,"Copayments capped at inpatient deductible of $1,676.00.",
1576,"New Technology - Level 39 ($15,001-$20,000)",S,,"$17,500.500",.,"$3,500.10",,"$1,676.00",,"Copayments capped at inpatient deductible of $1,676.00.",
1577,"New Technology - Level 40 ($20,001-$25,000)",S,,"$22,500.500",.,"$4,500.10",,"$1,676.00",,"Copayments capped at inpatient deductible of $1,676.00.",
1578,"New Technology - Level 41 ($25,001-$30,000)",S,,"$27,500.500",.,"$5,500.10",,"$1,676.00",,"Copayments capped at inpatient deductible of $1,676.00.",
1579,"New Technology - Level 42 ($30,001-$40,000)",S,,"$35,000.500",.,"$7,000.10",,"$1,676.00",,"Copayments capped at inpatient deductible of $1,676.00.",
1580,"New Technology - Level 43 ($40,001-$50,000)",S,,"$45,000.500",.,"$9,000.10",,"$1,676.00",,"Copayments capped at inpatient deductible of $1,676.00.",
1581,"New Technology - Level 44 ($50,001-$60,000)",S,,"$55,000.500",.,"$11,000.10",,"$1,676.00",,"Copayments capped at inpatient deductible of $1,676.00.",
1582,"New Technology - Level 45 ($60,001-$70,000)",S,,"$65,000.500",.,"$13,000.10",,"$1,676.00",,"Copayments capped at inpatient deductible of $1,676.00.",
1583,"New Technology - Level 46 ($70,001-$80,000)",S,,"$75,000.500",.,"$15,000.10",,"$1,676.00",,"Copayments capped at inpatient deductible of $1,676.00.",
1584,"New Technology - Level 47 ($80,001-$90,000)",S,,"$85,000.500",.,"$17,000.10",,"$1,676.00",,"Copayments capped at inpatient deductible of $1,676.00.",
1585,"New Technology - Level 48 ($90,001-$100,000)",S,,"$95,000.500",.,"$19,000.10",,"$1,676.00",,"Copayments capped at inpatient deductible of $1,676.00.",
1589,"New Technology - Level 38 ($10,001-$15,000)",T,,"$12,500.500",.,"$2,500.10",,"$1,676.00",,"Copayments capped at inpatient deductible of $1,676.00.",
1590,"New Technology - Level 39 ($15,001-$20,000)",T,,"$17,500.500",.,"$3,500.10",,"$1,676.00",,"Copayments capped at inpatient deductible of $1,676.00.",
1591,"New Technology - Level 40 ($20,001-$25,000)",T,,"$22,500.500",.,"$4,500.10",,"$1,676.00",,"Copayments capped at inpatient deductible of $1,676.00.",
1592,"New Technology - Level 41 ($25,001-$30,000)",T,,"$27,500.500",.,"$5,500.10",,"$1,676.00",,"Copayments capped at inpatient deductible of $1,676.00.",
1593,"New Technology - Level 42 ($30,001-$40,000)",T,,"$35,000.500",.,"$7,000.10",,"$1,676.00",,"Copayments capped at inpatient deductible of $1,676.00.",
1594,"New Technology - Level 43 ($40,001-$50,000)",T,,"$45,000.500",.,"$9,000.10",,"$1,676.00",,"Copayments capped at inpatient deductible of $1,676.00.",
1595,"New Technology - Level 44 ($50,001-$60,000)",T,,"$55,000.500",.,"$11,000.10",,"$1,676.00",,"Copayments capped at inpatient deductible of $1,676.00.",
1596,"New Technology - Level 45 ($60,001-$70,000)",T,,"$65,000.500",.,"$13,000.10",,"$1,676.00",,"Copayments capped at inpatient deductible of $1,676.00.",
1597,"New Technology - Level 46 ($70,001-$80,000)",T,,"$75,000.500",.,"$15,000.10",,"$1,676.00",,"Copayments capped at inpatient deductible of $1,676.00.",
1598,"New Technology - Level 47 ($80,001-$90,000)",T,,"$85,000.500",.,"$17,000.10",,"$1,676.00",,"Copayments capped at inpatient deductible of $1,676.00.",
1599,"New Technology - Level 48 ($90,001-$100,000)",T,,"$95,000.500",.,"$19,000.10",,"$1,676.00",,"Copayments capped at inpatient deductible of $1,676.00.",
1608,Etanercept injection,K,,$790.781,.,$158.16,,$158.16,,,
1609,"Rho(D) immune globulin h, sd",K,,$32.863,.,$6.58,,$6.58,,,
1613,Trastuzumab injection,K,,$77.051,.,$15.42,,$15.42,,,
1630,"Hep b ig, im",K,,$146.312,.,$29.27,,$29.27,,,
1643,"Y90 ibritumomab, rx",K,,"$56,824.549",,"$11,364.91",,"$1,676.00",,"Copayments capped at inpatient deductible of $1,676.00.",
1656,Factor viii fc fusion recomb,K,,$2.338,.,$0.47,,$0.47,,,
1658,"Injection, belinostat, 10mg",K,,$50.280,.,$10.06,,$10.06,,,
1660,"Injection, oritavancin",K,,$28.532,.,$5.71,,$5.71,,,
1662,Inj tedizolid phosphate,K,,$1.808,.,$0.37,,$0.37,,,
1664,Florbetapir f18,K,,"$2,194.620",.,$438.93,,$438.93,,,
1670,Tetanus immune globulin inj,K,,$572.068,.,$114.42,,$114.42,,Inflation-Adjusted Coinsurance,
1675,P32 na phosphate,K,,$179.120,.,$35.83,,$35.83,,,
1683,Basiliximab,K,,"$4,657.581",.,$931.52,,$931.52,,,
1685,"Darbepoetin alfa, non-esrd",K,,$2.972,.,$0.60,,$0.60,,,
1686,"Epoetin alfa, non-esrd",K,,$6.461,.,$1.30,,$1.30,,,
1687,Digoxin immune fab (ovine),K,,"$5,069.980",.,"$1,014.00",19.582%,$992.81,,Inflation-adjusted coinsurance,
1688,Ethanolamine oleate,K,,$491.653,.,$98.34,,$98.34,,,
1689,Fomepizole,K,,$6.160,.,$1.24,,$1.24,,,
1690,Hemin,K,,$33.122,.,$6.63,19.200%,$6.36,,Inflation-Adjusted Coinsurance,
1694,Ziconotide injection,K,,$9.778,.,$1.96,,$1.96,,,
1696,Palifermin injection,K,,$33.991,.,$6.80,16.931%,$5.76,,Inflation-Adjusted Coinsurance,
1700,Inj secretin synthetic human,K,,$42.572,.,$8.52,19.648%,$8.37,,Inflation-Adjusted Coinsurance,
1701,Treprostinil injection,K,,$55.946,.,$11.19,,$11.19,,,
1704,"Humate-P, inj",K,,$1.446,.,$0.29,,$0.29,,,
1705,Factor viia recomb novoseven,K,,$2.549,.,$0.51,,$0.51,,,
1710,Clofarabine injection,K,,$8.455,.,$1.70,,$1.70,,,
1712,Paclitaxel protein bound,K,,$13.536,.,$2.71,,$2.71,,,
1745,Radium ra223 dichloride ther,K,,$168.713,.,$33.75,,$33.75,,,
1746,Factor xiii recomb a-subunit,K,,$17.169,.,$3.44,,$3.44,,,
1747,Monovisc inj per dose,K,,$564.654,.,$112.94,,$112.94,,,
1748,Inj tbo filgrastim 1 microg,K,,$0.404,.,$0.09,,$0.09,,,
1761,"Rolapitant, oral, 1mg",K,,$1.616,.,$0.33,,$0.33,,,
1809,"Injection, alemtuzumab",K,,"$2,413.358",.,$482.68,,$482.68,,,
1822,"Injection, zarxio",K,,$0.357,.,$0.08,,$0.08,,8% of reference add-on applied,
1823,"Injection, dalbavancin",K,,$15.600,.,$3.12,,$3.12,,,
1824,Ceftaroline fosamil inj,K,,$3.946,.,$0.79,,$0.79,,,
1825,Ceftazidime and avibactam,K,,$100.727,.,$20.15,,$20.15,,,
1826,Hyqvia 100mg immuneglobulin,K,,$17.687,.,$3.54,,$3.54,,,
1827,Factor viii recomb obizur,K,,$3.229,.,$0.65,,$0.65,,,
1829,Penicillin g benzathine inj,K,,$26.821,.,$5.37,13.624%,$3.66,,Inflation-Adjusted Coinsurance,
1832,Dimethyl sulfoxide 50% 50 ml,K,,$715.390,.,$143.08,,$143.08,,,
1836,Penicillin g procaine inj,K,,$47.190,.,$9.44,,$9.44,,,
1844,Factor viii pegylated recomb,K,,$2.099,.,$0.42,,$0.42,,,
1846,Factor viii nuwiq recomb 1iu,K,,$1.239,.,$0.25,,$0.25,,,
1847,"Injection, inflectra",K,,$11.550,.,$2.32,,$2.32,,8% of reference add-on applied,
1848,Artiss fibrin sealant,K,,$134.496,.,$26.90,,$26.90,,,
1849,Foscarnet sodium injection,K,,$38.277,.,$7.66,,$7.66,,,
1850,Gamma globulin 1 cc inj,K,,$49.416,.,$9.89,,$9.89,,,
1851,Gamma globulin > 10 cc inj,K,,$494.164,.,$98.84,,$98.84,,,
1852,Interferon beta-1a inj,K,,"$2,203.140",.,$440.63,,$440.63,,,
1853,Minocycline hydrochloride,K,,$2.590,.,$0.52,18.580%,$0.49,,Inflation-Adjusted Coinsurance,
1856,Factor viii recomb novoeight,K,,$1.427,.,$0.29,,$0.29,,,
1857,"Inj, factor x, (human), 1iu",K,,$9.533,.,$1.91,,$1.91,,,
1859,Argatroban nonesrd use 1mg,K,,$0.803,.,$0.17,,$0.17,,,
1861,"Inj., bendeka 1 mg",K,,$13.453,.,$2.70,,$2.70,,,
1901,"New Technology - Level 49 ($100,001-$115,000)",S,,"$107,500.500",.,"$21,500.10",,"$1,676.00",,"Copayments capped at inpatient deductible of $1,676.00.",
1902,"New Technology - Level 49 ($100,001-$115,000)",T,,"$107,500.500",.,"$21,500.10",,"$1,676.00",,"Copayments capped at inpatient deductible of $1,676.00.",
1903,"New Technology - Level 50 ($115,001-$130,000)",S,,"$122,500.500",.,"$24,500.10",,"$1,676.00",,"Copayments capped at inpatient deductible of $1,676.00.",
1904,"New Technology - Level 50 ($115,001-$130,000)",T,,"$122,500.500",.,"$24,500.10",,"$1,676.00",,"Copayments capped at inpatient deductible of $1,676.00.",
1905,"New Technology - Level 51 ($130,001-$145,000)",S,,"$137,500.500",.,"$27,500.10",,"$1,676.00",,"Copayments capped at inpatient deductible of $1,676.00.",
1906,"New Technology - Level 51 ($130,001-$145,000)",T,,"$137,500.500",.,"$27,500.10",,"$1,676.00",,"Copayments capped at inpatient deductible of $1,676.00.",
1907,"New Technology - Level 52 ($145,001-$160,000)",S,,"$152,500.500",.,"$30,500.10",,"$1,676.00",,"Copayments capped at inpatient deductible of $1,676.00.",
1908,"New Technology - Level 52 ($145,001-$160,000)",T,,"$152,500.500",.,"$30,500.10",,"$1,676.00",,"Copayments capped at inpatient deductible of $1,676.00.",
2038,"Gen, neuro, clo loop, rechg",H,,,.,,,,*,,
2039,"Gen, neuro, imp led, ex cntr",H,,,.,,,,*,,
2040,"Endo, single, urinary tract",H,,,.,,,,*,,
2041,"Cath, bladed, vasc prep",H,,,.,,,,,,
2042,"Endo, single, pulmonary",H,,,.,,,,,,
2043,Orth/matrx/bn fill drug-elut,H,,,.,,,,,,
2044,"Ret dev, laser, ivc filter",H,,,.,,,,,,
2045,"Grft, trnsmurl/trnsvens byps",H,,,.,,,,,,
2046,"Pmkr, dual, leadless",H,,,.,,,,,,
2047,"Adapter, us to endoscope",H,,,.,,,,,,
2048,Pump elastomc non-opioid dev,H1,,,.,,,,,,
2049,"Suprt dev, a-v fistula, imp",H,,,.,,,,,,
2050,Cath coronary drug-delivery,H,,,.,,,,,,
2051,Cath renal denerv radiofreq,H,,,.,,,,,,
2052,Cath renal denerv ultrasnd,H,,,.,,,,,,
2053,Si&pelvis fusn&fixn dev,H,,,.,,,,,,
2054,Power endo us-guid bx dev,H,,,.,,,,,,
2055,"Tissue marker, detectable",H,,,.,,,,,,
2056,Pump perist non-opioid dev,H1,,,.,,,,,,
2057,Nerve stim non-opioid dev,H1,,,.,,,,,,
2058,Cryo probe non-opioid dev,H1,,,.,,,,,,
2059,Cryo needle non-opioid dev,H1,,,.,,,,,,
2616,"Brachytx, non-str,Yttrium-90",U,196.0895,"$17,485.100",.,"$3,497.02",,"$1,676.00",,"Copayments capped at inpatient deductible of $1,676.00.",
2632,Iodine I-125 sodium iodide,U,2.3391,$208.580,.,$41.72,,,,,
2634,"Brachytx, non-str, HA, I-125",U,1.8262,$162.840,.,$32.57,,,,,
2635,"Brachytx, non-str, HA, P-103",U,0.7781,$69.380,.,$13.88,,,,,
2636,"Brachy linear, non-str,P-103",U,0.5934,$52.910,.,$10.59,,,,,
2638,"Brachytx, stranded, I-125",U,0.4154,$37.040,.,$7.41,,,,,
2639,"Brachytx, non-stranded,I-125",U,0.3938,$35.110,.,$7.03,,,,,
2640,"Brachytx, stranded, P-103",U,0.7816,$69.690,.,$13.94,,,,,
2641,"Brachytx, non-stranded,P-103",U,0.8946,$79.770,.,$15.96,,,,,
2642,"Brachytx, stranded, C-131",U,1.2096,$107.860,.,$21.58,,,,,
2643,"Brachytx, non-stranded,C-131",U,1.0829,$96.560,.,$19.32,,,,,
2645,"Brachytx, non-str, Gold-198",U,9.7380,$868.330,.,$173.67,,,,,
2646,"Brachytx, non-str, HDR Ir-192",U,3.8398,$342.390,.,$68.48,,,,,
2647,"Brachytx, NS, Non-HDRIr-192",U,6.3307,$564.500,.,$112.90,,,,,
2648,"Brachytx planar, p-103",U,0.0526,$4.690,.,$0.94,,,,,
2698,"Brachytx, stranded, NOS",U,0.4154,$37.040,.,$7.41,,,,,
2699,"Brachytx, non-stranded, NOS",U,0.3938,$35.110,.,$7.03,,,,,
2731,"Immune globulin, powder",K,,$81.431,.,$16.29,,$16.29,,,
2770,Quinupristin/dalfopristin,K,,$4.260,.,$0.86,,$0.86,,,
4001,Echo guidance radiotherapy,S,1.5627,$139.340,.,$27.87,,,,,
4002,Stereoscopic x-ray guidance,S,0.5914,$52.730,.,$10.55,,,,,
4003,"Radiation treatment delivery, MeV <= 5; simple",S,1.6272,$145.100,.,$29.02,,,,,
4004,"Radiation treatment delivery, 6-10 MeV; simple",S,1.3190,$117.610,.,$23.53,,,,,
4005,"Radiation treatment delivery, 11-19 MeV; simple",S,1.3190,$117.610,.,$23.53,,,,,
4006,"Radiation treatment delivery, MeV>=20; simple",S,1.3118,$116.970,.,$23.40,,,,,
4007,"Radiation treatment delivery, MeV<=5; intermediate",S,2.3404,$208.690,.,$41.74,,,,,
4008,"Radiation treatment delivery, 6-10 MeV; intermediate",S,1.8172,$162.040,.,$32.41,,,,,
4009,"Radiation treatment delivery, 11-19 MeV; intermediate",S,1.8315,$163.310,.,$32.67,,,,,
4010,"Radiation treatment delivery, MeV >=20; intermediate",S,1.8027,$160.740,.,$32.15,,,,,
4011,"Radiation treatment delivery, MeV<=5; complex",S,2.3941,$213.480,.,$42.70,,,,,
4012,"Radiation treatment delivery, 6-10 MeV; complex",S,2.3977,$213.800,.,$42.76,,,,,
4013,"Radiation treatment delivery, 11-19 MeV; complex",S,2.4086,$214.770,.,$42.96,,,,,
4014,"Radiation treatment delivery, MeV >=20; complex",S,2.3941,$213.480,.,$42.70,,,,,
4015,Radiation tx delivery imrt,S,3.7382,$333.330,.,$66.67,,,,,
4016,Delivery comp imrt,S,3.7238,$332.050,.,$66.41,,,,,
5012,Clinic Visits and Related Services,V,1.4452,$128.870,.,$25.78,,,,,
5021,Level 1 Type A ED Visits,V,0.9875,$88.050,.,$17.61,,,,,
5022,Level 2 Type A ED Visits,V,1.7759,$158.360,.,$31.68,,,,,
5023,Level 3 Type A ED Visits,V,3.1052,$276.890,.,$55.38,,,,,
5024,Level 4 Type A ED Visits,V,4.7754,$425.820,.,$85.17,,,,,
5025,Level 5 Type A ED Visits,V,6.8757,$613.100,.,$122.62,,,,,
5031,Level 1 Type B ED Visits,V,0.9428,$84.070,.,$16.82,,,,,
5032,Level 2 Type B ED Visits,V,1.2410,$110.660,.,$22.14,,,,,
5033,Level 3 Type B ED Visits,V,2.0925,$186.590,.,$37.32,,,,,
5034,Level 4 Type B ED Visits,V,3.2023,$285.550,.,$57.11,,,,,
5035,Level 5 Type B ED Visits,V,4.5295,$403.890,.,$80.78,,,,,
5041,Critical Care,S,9.4496,$842.610,.,$168.53,,,,,
5045,Trauma Response with Critical Care,S,14.8389,"$1,323.170",.,$264.64,,,,,
5051,Level 1 Skin Procedures,T,2.2284,$198.700,.,$39.74,,,,,
5052,Level 2 Skin Procedures,T,4.4806,$399.530,.,$79.91,,,,,
5053,Level 3 Skin Procedures,T,6.8648,$612.130,.,$122.43,,,,,
5054,Level 4 Skin Procedures,T,20.5142,"$1,829.230",.,$365.85,,,,,
5055,Level 5 Skin Procedures,T,41.0565,"$3,660.970",.,$732.20,,,,,
5061,Hyperbaric Oxygen,S,1.5465,$137.900,.,$27.58,,,,,
5071,Level 1 Excision/ Biopsy/ Incision and Drainage,T,7.8905,$703.590,.,$140.72,,,,,
5072,Level 2 Excision/ Biopsy/ Incision and Drainage,J1,18.1704,"$1,620.240",.,$324.05,,,,,
5073,Level 3 Excision/ Biopsy/ Incision and Drainage,J1,32.0969,"$2,862.050",.,$572.41,,,,,
5091,Level 1 Breast/Lymphatic Surgery and Related Procedures,J1,42.9441,"$3,829.280",.,$765.86,,,,,
5092,Level 2 Breast/Lymphatic Surgery and Related Procedures,J1,73.1359,"$6,521.460",.,"$1,304.30",,,,,
5093,Level 3 Breast/Lymphatic Surgery and Related Procedures,J1,107.3136,"$9,569.050",.,"$1,913.81",,"$1,676.00",,"Copayments capped at inpatient deductible of $1,676.00.",
5094,Level 4 Breast/Lymphatic Surgery and Related Procedures,J1,195.1166,"$17,398.350",.,"$3,479.67",,"$1,676.00",,"Copayments capped at inpatient deductible of $1,676.00.",
5101,Level 1 Strapping and Cast Application,T,1.7696,$157.790,.,$31.56,,,,,
5102,Level 2 Strapping and Cast Application,T,2.9784,$265.580,.,$53.12,,,,,
5111,Level 1 Musculoskeletal Procedures,T,2.6902,$239.880,.,$47.98,,,,,
5112,Level 2 Musculoskeletal Procedures,J1,17.9481,"$1,600.410",.,$320.09,,,,,
5113,Level 3 Musculoskeletal Procedures,J1,36.3872,"$3,244.610",.,$648.93,,,,,
5114,Level 4 Musculoskeletal Procedures,J1,80.1145,"$7,143.730",.,"$1,428.75",,,,,
5115,Level 5 Musculoskeletal Procedures,J1,144.2970,"$12,866.820",.,"$2,573.37",,"$1,676.00",,"Copayments capped at inpatient deductible of $1,676.00.",
5116,Level 6 Musculoskeletal Procedures,J1,206.2381,"$18,390.050",.,"$3,678.01",,"$1,676.00",,"Copayments capped at inpatient deductible of $1,676.00.",
5151,Level 1 Airway Endoscopy,T,2.1772,$194.140,.,$38.83,,,,,
5152,Level 2 Airway Endoscopy,T,4.3548,$388.310,.,$77.67,,,,,
5153,Level 3 Airway Endoscopy,J1,19.3394,"$1,724.470",.,$344.90,,,,,
5154,Level 4 Airway Endoscopy,J1,41.3479,"$3,686.950",.,$737.39,,,,,
5155,Level 5 Airway Endoscopy,J1,77.6331,"$6,922.470",.,"$1,384.50",,,,,
5161,Level 1 ENT Procedures,T,2.6043,$232.220,.,$46.45,,,,,
5162,Level 2 ENT Procedures,T,5.7111,$509.250,.,$101.85,,,,,
5163,Level 3 ENT Procedures,J1,16.6121,"$1,481.280",.,$296.26,,,,,
5164,Level 4 ENT Procedures,J1,36.3699,"$3,243.070",.,$648.62,,,,,
5165,Level 5 ENT Procedures,J1,66.3421,"$5,915.660",.,"$1,183.14",,,,,
5166,Cochlear Implant Procedure,J1,356.7139,"$31,807.820","$6,942.79","$6,361.57",,"$1,676.00",,"Copayments capped at inpatient deductible of $1,676.00.",
5181,Level 1 Vascular Procedures,T,6.9336,$618.260,.,$123.66,,,,,
5182,Level 2 Vascular Procedures,J1,17.4213,"$1,553.440",.,$310.69,,,,,
5183,Level 3 Vascular Procedures,J1,35.2981,"$3,147.500",.,$629.50,,,,,
5184,Level 4 Vascular Procedures,J1,60.6231,"$5,405.700",.,"$1,081.14",,,,,
5191,Level 1 Endovascular Procedures,J1,36.0710,"$3,216.410",$863.75,$643.29,,,,,
5192,Level 2 Endovascular Procedures,J1,63.9406,"$5,701.520",.,"$1,140.31",,,,,
5193,Level 3 Endovascular Procedures,J1,127.1806,"$11,340.570",.,"$2,268.12",,"$1,676.00",,"Copayments capped at inpatient deductible of $1,676.00.",
5194,Level 4 Endovascular Procedures,J1,201.3785,"$17,956.720",.,"$3,591.35",,"$1,676.00",,"Copayments capped at inpatient deductible of $1,676.00.",
5200,Implantation Wireless PA Pressure Monitor,J1,318.8140,"$28,428.330",.,"$5,685.67",,"$1,676.00",,"Copayments capped at inpatient deductible of $1,676.00.",
5211,Level 1 Electrophysiologic Procedures,J1,13.6145,"$1,213.990",.,$242.80,,,,,
5212,Level 2 Electrophysiologic Procedures,J1,85.0980,"$7,588.100",.,"$1,517.62",,,,,
5213,Level 3 Electrophysiologic Procedures,J1,275.1214,"$24,532.300",.,"$4,906.46",,"$1,676.00",,"Copayments capped at inpatient deductible of $1,676.00.",
5221,Level 1 Pacemaker and Similar Procedures,T,40.8135,"$3,639.300",.,$727.86,,,,,
5222,Level 2 Pacemaker and Similar Procedures,J1,92.8123,"$8,275.980",.,"$1,655.20",,"$1,676.00",,"Copayments capped at inpatient deductible of $1,676.00.",
5223,Level 3 Pacemaker and Similar Procedures,J1,117.3651,"$10,465.330",.,"$2,093.07",,"$1,676.00",,"Copayments capped at inpatient deductible of $1,676.00.",
5224,Level 4 Pacemaker and Similar Procedures,J1,213.8766,"$19,071.160",.,"$3,814.24",,"$1,676.00",,"Copayments capped at inpatient deductible of $1,676.00.",
5231,Level 1 ICD and Similar Procedures,J1,251.7264,"$22,446.190",.,"$4,489.24",,"$1,676.00",,"Copayments capped at inpatient deductible of $1,676.00.",
5232,Level 2 ICD and Similar Procedures,J1,359.5597,"$32,061.580",.,"$6,412.32",,"$1,676.00",,"Copayments capped at inpatient deductible of $1,676.00.",
5241,Level 1 Blood Product Exchange and Related Services,S,4.9028,$437.180,.,$87.44,,,,,
5242,Level 2 Blood Product Exchange and Related Services,S,18.3840,"$1,639.280",.,$327.86,,,,,
5243,Level 3 Blood Product Exchange and Related Services,S,52.5426,"$4,685.170",.,$937.04,,,,,
5244,Level 4 Blood Product Exchange and Related Services,J1,663.2611,"$59,142.330",.,"$11,828.47",,"$1,676.00",,"Copayments capped at inpatient deductible of $1,676.00.",
5301,Level 1 Upper GI Procedures,T,10.5144,$937.560,.,$187.52,,,,,
5302,Level 2 Upper GI Procedures,J1,21.2741,"$1,896.990",.,$379.40,,,,,
5303,Level 3 Upper GI Procedures,J1,42.6665,"$3,804.530",.,$760.91,,,,,
5311,Level 1 Lower GI Procedures,T,10.2245,$911.710,.,$182.35,,,,,
5312,Level 2 Lower GI Procedures,T,13.2230,"$1,179.080",.,$235.82,,,,,
5313,Level 3 Lower GI Procedures,J1,30.7550,"$2,742.390",.,$548.48,,,,,
5331,Complex GI Procedures,J1,66.7587,"$5,952.810",.,"$1,190.57",,,,,
5341,Level 1 Abdominal/Peritoneal/Biliary and Related Procedures,J1,39.5772,"$3,529.060",.,$705.82,,,,,
5342,Level 2 Abdominal/Peritoneal/Biliary and Related Procedures,J1,69.9767,"$6,239.750",.,"$1,247.95",,,,,
5361,Level 1 Laparoscopy and Related Services,J1,65.4304,"$5,834.360",.,"$1,166.88",,,,,
5362,Level 2 Laparoscopy and Related Services,J1,116.7583,"$10,411.220",.,"$2,082.25",,"$1,676.00",,"Copayments capped at inpatient deductible of $1,676.00.",
5371,Level 1 Urology and Related Services,T,2.7275,$243.210,.,$48.65,,,,,
5372,Level 2 Urology and Related Services,J1,7.4854,$667.470,.,$133.50,,,,,
5373,Level 3 Urology and Related Services,J1,22.9733,"$2,048.510",.,$409.71,,,,,
5374,Level 4 Urology and Related Services,J1,38.6790,"$3,448.970",.,$689.80,,,,,
5375,Level 5 Urology and Related Services,J1,57.0111,"$5,083.620",.,"$1,016.73",,,,,
5376,Level 6 Urology and Related Services,J1,103.7036,"$9,247.150",.,"$1,849.43",,"$1,676.00",,"Copayments capped at inpatient deductible of $1,676.00.",
5377,Level 7 Urology and Related Services,J1,145.7056,"$12,992.420",.,"$2,598.49",,"$1,676.00",,"Copayments capped at inpatient deductible of $1,676.00.",
5378,Level 8 Urology and Related Services,J1,225.7350,"$20,128.560",.,"$4,025.72",,"$1,676.00",,"Copayments capped at inpatient deductible of $1,676.00.",
5401,Dialysis,S,7.8471,$699.720,.,$139.95,,,,,
5411,Level 1 Gynecologic Procedures,T,2.2561,$201.170,.,$40.24,,,,,
5412,Level 2 Gynecologic Procedures,T,3.4114,$304.190,.,$60.84,,,,,
5413,Level 3 Gynecologic Procedures,T,9.7651,$870.740,.,$174.15,,,,,
5414,Level 4 Gynecologic Procedures,J1,35.6573,"$3,179.530",.,$635.91,,,,,
5415,Level 5 Gynecologic Procedures,J1,55.3606,"$4,936.450",.,$987.29,,,,,
5416,Level 6 Gynecologic Procedures,J1,82.9303,"$7,394.810",.,"$1,478.97",,,,,
5431,Level 1 Nerve Procedures,J1,21.8997,"$1,952.770",.,$390.56,,,,,
5432,Level 2 Nerve Procedures,J1,71.8195,"$6,404.070",.,"$1,280.82",,,,,
5441,Level 1 Nerve Injections,T,3.3105,$295.190,.,$59.04,,,,,
5442,Level 2 Nerve Injections,T,7.7664,$692.520,.,$138.51,,,,,
5443,Level 3 Nerve Injections,T,9.9843,$890.290,.,$178.06,,,,,
5461,Level 1 Neurostimulator and Related Procedures,J1,38.5673,"$3,439.010",.,$687.81,,,,,
5462,Level 2 Neurostimulator and Related Procedures,J1,73.6007,"$6,562.900",.,"$1,312.58",,,,,
5463,Level 3 Neurostimulator and Related Procedures,J1,139.8503,"$12,470.310",.,"$2,494.07",,"$1,676.00",,"Copayments capped at inpatient deductible of $1,676.00.",
5464,Level 4 Neurostimulator and Related Procedures,J1,240.4915,"$21,444.390",.,"$4,288.88",,"$1,676.00",,"Copayments capped at inpatient deductible of $1,676.00.",
5465,Level 5 Neurostimulator and Related Procedures,J1,341.7509,"$30,473.590",.,"$6,094.72",,"$1,676.00",,"Copayments capped at inpatient deductible of $1,676.00.",
5471,Implantation of Drug Infusion Device,J1,198.2092,"$17,674.120",.,"$3,534.83",,"$1,676.00",,"Copayments capped at inpatient deductible of $1,676.00.",
5481,Laser Eye Procedures,T,6.1524,$548.600,.,$109.72,,,,,
5491,Level 1 Intraocular Procedures,J1,25.5776,"$2,280.730",.,$456.15,,,,,
5492,Level 2 Intraocular Procedures,J1,45.1150,"$4,022.860",.,$804.58,,,,,
5493,Level 3 Intraocular Procedures,J1,57.8644,"$5,159.710",.,"$1,031.95",,,,,
5494,Level 4 Intraocular Procedures,J1,160.2497,"$14,289.310",.,"$2,857.87",,"$1,676.00",,"Copayments capped at inpatient deductible of $1,676.00.",
5495,Level 5 Intraocular Procedures,J1,172.3113,"$15,364.830",.,"$3,072.97",,"$1,676.00",,"Copayments capped at inpatient deductible of $1,676.00.",
5496,Level 6 Intraocular Procedures,J1,184.1048,"$16,416.440",.,"$3,283.29",,"$1,676.00",,"Copayments capped at inpatient deductible of $1,676.00.",
5501,"Level 1 Extraocular, Repair, and Plastic Eye Procedures",T,3.3524,$298.930,.,$59.79,,,,,
5502,"Level 2 Extraocular, Repair, and Plastic Eye Procedures",T,10.8618,$968.540,.,$193.71,,,,,
5503,"Level 3 Extraocular, Repair, and Plastic Eye Procedures",J1,26.1633,"$2,332.960",.,$466.60,,,,,
5504,"Level 4 Extraocular, Repair, and Plastic Eye Procedures",J1,42.2905,"$3,771.000",.,$754.20,,,,,
5521,Level 1 Imaging without Contrast,S,0.9874,$88.050,.,$17.61,,,,,
5522,Level 2 Imaging without Contrast,S,1.1926,$106.340,.,$21.27,,,,,
5523,Level 3 Imaging without Contrast,S,2.7108,$241.720,.,$48.35,,,,,
5524,Level 4 Imaging without Contrast,S,6.1490,$548.300,.,$109.66,,,,,
5571,Level 1 Imaging with Contrast,S,1.9964,$178.020,.,$35.61,,,,,
5572,Level 2 Imaging with Contrast,S,4.0051,$357.130,.,$71.43,,,,,
5573,Level 3 Imaging with Contrast,S,8.8602,$790.060,.,$158.02,,,,,
5591,Level 1 Nuclear Medicine and Related Services,S,4.5064,$401.830,.,$80.37,,,,,
5592,Level 2 Nuclear Medicine and Related Services,S,6.0365,$538.270,.,$107.66,,,,,
5593,Level 3 Nuclear Medicine and Related Services,S,14.6405,"$1,305.480",.,$261.10,,,,,
5594,Level 4 Nuclear Medicine and Related Services,S,16.3576,"$1,458.590",.,$291.72,,,,,
5611,Level 1 Therapeutic Radiation Treatment Preparation,S,1.4890,$132.770,$31.05,$26.56,,,,,
5612,Level 2 Therapeutic Radiation Treatment Preparation,S,4.1054,$366.070,.,$73.22,,,,,
5613,Level 3 Therapeutic Radiation Treatment Preparation,S,15.3446,"$1,368.260",.,$273.66,,,,,
5621,Level 1 Radiation Therapy,S,1.2280,$109.500,.,$21.90,,,,,
5622,Level 2 Radiation Therapy,S,2.9492,$262.980,.,$52.60,,,,,
5623,Level 3 Radiation Therapy,S,6.4874,$578.470,.,$115.70,,,,,
5624,Level 4 Radiation Therapy,S,7.7808,$693.810,.,$138.77,,,,,
5625,Level 5 Radiation Therapy,S,14.3044,"$1,275.510",.,$255.11,,,,,
5626,Level 6 Radiation Therapy,S,19.6919,"$1,755.910",.,$351.19,,,,,
5627,Level 7 Radiation Therapy,J1,85.7304,"$7,644.490",.,"$1,528.90",,,,,
5661,Therapeutic Nuclear Medicine,S,2.5135,$224.130,.,$44.83,,,,,
5671,Level 1 Pathology,S,0.5992,$53.430,.,$10.69,,,,,
5672,Level 2 Pathology,S,1.9218,$171.360,.,$34.28,,,,,
5673,Level 3 Pathology,S,4.0341,$359.720,.,$71.95,,,,,
5674,Level 4 Pathology,S,9.1613,$816.900,.,$163.38,,,,,
5691,Level 1 Drug Administration,S,0.5174,$46.140,.,$9.23,,,,,
5692,Level 2 Drug Administration,S,0.7982,$71.170,.,$14.24,,,,,
5693,Level 3 Drug Administration,S,2.3628,$210.690,.,$42.14,,,,,
5694,Level 4 Drug Administration,S,3.7198,$331.690,.,$66.34,,,,,
5721,Level 1 Diagnostic Tests and Related Services,S,1.7546,$156.460,.,$31.30,,,,,
5722,Level 2 Diagnostic Tests and Related Services,S,3.4922,$311.400,.,$62.28,,,,,
5723,Level 3 Diagnostic Tests and Related Services,S,5.9505,$530.600,.,$106.12,,,,,
5724,Level 4 Diagnostic Tests and Related Services,S,11.4097,"$1,017.390",.,$203.48,,,,,
5731,Level 1 Minor Procedures,S,0.2747,$24.490,.,$4.90,,,,,
5732,Level 2 Minor Procedures,S,0.4402,$39.250,.,$7.85,,,,,
5733,Level 3 Minor Procedures,S,0.6661,$59.400,.,$11.88,,,,,
5734,Level 4 Minor Procedures,S,1.4456,$128.900,.,$25.78,,,,,
5735,Level 5 Minor Procedures,S,4.4751,$399.040,.,$79.81,,,,,
5741,Level 1 Electronic Analysis of Devices,S,0.4182,$37.290,.,$7.46,,,,,
5742,Level 2 Electronic Analysis of Devices,S,1.0294,$91.790,.,$18.36,,,,,
5743,Level 3 Electronic Analysis of Devices,S,3.3634,$299.910,.,$59.99,,,,,
5771,Cardiac Rehabilitation,S,1.4120,$125.910,.,$25.19,,,,,
5781,Resuscitation and Cardioversion,S,7.3387,$654.380,.,$130.88,,,,,
5791,Pulmonary Treatment,S,2.2810,$203.390,.,$40.68,,,,,
5801,Ventilation Initiation and Management,S,7.4140,$661.100,.,$132.22,,,,,
5811,Manipulation Therapy,S,0.2837,$25.300,.,$5.06,,,,,
5821,Level 1 Health and Behavior Services,S,0.3341,$29.790,.,$5.96,,,,,
5822,Level 2 Health and Behavior Services,S,1.0374,$92.500,.,$18.50,,,,,
5823,Level 3 Health and Behavior Services,S,1.8019,$160.670,.,$32.14,,,,,
5851,Intensive Outpatient (3 services) for CMHCs,P,1.2475,$111.240,.,$22.25,,,,,
5852,Intensive Outpatient (4 or more services) for CMHCs,P,1.8877,$168.320,.,$33.67,,,,,
5853,Partial Hospitalization (3 services) for CMHCs,P,1.2475,$111.240,.,$22.25,,,,,
5854,Partial Hospitalization (4 or more services) for CMHCs,P,1.8877,$168.320,.,$33.67,,,,,
5861,Intensive Outpatient (3 services) for Hospital-based IOPs,P,3.0189,$269.190,.,$53.84,,,,,
5862,Intensive Outpatient (4 or more services) for Hospital-based IOPs,P,4.5817,$408.550,.,$81.71,,,,,
5863,Partial Hospitalization (3 services) for Hospital-based PHPs,P,3.0189,$269.190,.,$53.84,,,,,
5864,Partial Hospitalization (4 or more services) for Hospital-based PHPs,P,4.5817,$408.550,.,$81.71,,,,,
5871,Dental Procedures,T,18.6458,"$1,662.630",.,$332.53,,,,,
5881,Ancillary Outpatient Services When Patient Dies,J1,151.5414,"$13,512.800",.,"$2,702.56",,"$1,676.00",,"Copayments capped at inpatient deductible of $1,676.00.",
7043,Infliximab not biosimil 10mg,K,,$30.525,.,$6.11,,$6.11,,,
7046,Doxorubicin inj 10mg,K,,$136.046,.,$27.21,,$27.21,,,
7048,Alteplase recombinant,K,,$91.481,.,$18.30,,$18.30,,,
7308,Aminolevulinic acid hcl top,K,,$395.264,.,$79.06,,$79.06,,,
8004,Ultrasound Composite,S,3.4373,$306.500,.,$61.30,,,,,
8005,CT and CTA without Contrast Composite,S,2.5183,$224.550,.,$44.91,,,,,
8006,CT and CTA with Contrast Composite,S,4.8797,$435.120,.,$87.03,,,,,
8007,MRI and MRA without Contrast Composite,S,6.0589,$540.270,.,$108.06,,,,,
8008,MRI and MRA with Contrast Composite,S,9.5866,$854.830,.,$170.97,,,,,
8010,Mental Health Services Composite,S,4.5817,$408.550,.,$81.71,,,,,
8011,Comprehensive Observation Services,J2,29.6934,"$2,647.730",.,$529.55,,,,,
9002,Tenecteplase injection,K,,$162.431,.,$32.49,19.959%,$32.42,,Inflation-adjusted coinsurance,
9003,Rsv mab im 50mg,K,,$719.870,.,$143.98,,$143.98,,,
9004,"Injection, inclisiran, 1 mg",G,,$12.277,.,$2.46,,$2.46,*,,
9005,Reteplase injection,K,,"$2,777.136",.,$555.43,,$555.43,,,
9006,Tacrolimus injection,K,,$254.666,.,$50.94,,$50.94,,,
9008,"Inj tezepelumab-ekko, 1mg",G,,$18.155,.,$3.64,,$3.64,*,,
9009,"Inj, vutrisiran, 1 mg",G,,"$4,917.749",.,$983.55,,$983.55,*,,
9010,Inj efgartigimod 2mg,G,,$32.449,.,$6.49,,$6.49,*,,
9012,Arsenic trioxide injection,K,,$4.681,.,$0.94,,$0.94,,,
9013,Inj risankizumab-rzaaÿ1 mg,G,,$15.081,.,$3.02,,$3.02,*,,
9016,"Inj., triptorelin xr 3.75 mg",K,,"$3,512.092",.,$702.42,,$702.42,,,
9017,"Inj. byooviz, 0.1 mg",G,,$169.199,.,$33.84,,$33.84,*,,
9018,"Inj, rimabotulinumtoxinB",K,,$12.991,.,$2.60,,$2.60,,,
9020,Argatroban nonesrd (accord),K,,$1.815,.,$0.37,,$0.37,,,
9022,Argatroban nonesrd (auromed),K,,$1.421,.,$0.29,,$0.29,,,
9024,Amphotericin b lipid complex,K,,$10.299,.,$2.06,,$2.06,,,
9025,"Inj glucagon hcl, fresenius",K,,$111.908,.,$22.39,,$22.39,,,
9026,"Inj, bortezomib, dr. reddy?s",K,,$4.910,.,$0.99,,$0.99,,,
9027,"Inj, bortezomib freseniuskab",K,,$16.500,.,$3.31,,$3.31,,,
9028,Inj inotuzumab ozogam 0.1 mg,K,,"$2,658.129",.,$531.63,,$531.63,,,
9029,"Inj., guselkumab, 1 mg",K,,$73.523,.,$14.71,,$14.71,,,
9030,"Inj., copanlisib, 1 mg",K,,$89.164,.,$17.84,,$17.84,,,
9032,Baclofen 10 MG injection,K,,$173.837,.,$34.77,,$34.77,,,
9033,Cidofovir injection,K,,$301.103,.,$60.23,,$60.23,,,
9034,"Inj cuvitru, 100 mg",K,,$16.611,.,$3.33,,$3.33,,,
9035,Axicabtagene ciloleucel car+,K,,"$489,517.151",.,"$97,903.44",19.424%,"$1,676.00",,"Inflation-adjusted coinsurance;Copayments capped at inpatient deductible of $1,676.00.",
9036,"Injection, renflexis",K,,$26.263,.,$5.26,,$5.26,,8% of reference add-on applied,
9038,Inj estrogen conjugate,K,,$382.912,.,$76.59,,$76.59,,,
9042,Glucagon hydrochloride,K,,$184.179,.,$36.84,,$36.84,,,
9043,"Inj, afstyla, 1 i.u.",K,,$1.516,.,$0.31,,$0.31,,,
9044,Ibutilide fumarate injection,K,,$186.965,.,$37.40,,$37.40,,,
9045,Idursulfase injection,K,,$542.221,.,$108.45,,$108.45,,,
9046,"Inj., fibryga, 1 mg",K,,$1.107,.,$0.23,,$0.23,,,
9048,"Inj, alymsys, 10 mg",G,,$58.232,.,$11.65,,$11.65,*,8% of reference add-on applied,
9049,"Inj, oliceridine 0.1 mg",G,,$1.322,.,$0.00,,$0.00,*,,
9050,"Leuprolide inj, camcevi, 1mg",G,,$55.905,.,$11.19,,$11.19,*,,
9051,"Inj, lanreotide, (cipla) 1mg",G,,$30.682,.,$6.14,,$6.14,*,,
9052,Fluciclovine f-18,K,,$268.420,.,$53.69,,$53.69,,,
9053,Fluorodopa f-18 diag per mci,G,,$498.624,.,$99.73,,$99.73,*,,
9054,Lutetium lu 177 vipivotide,G,,$241.205,.,$48.25,,$48.25,*,,
9055,Gallium locametz 1 millicuri,G,,$873.440,.,$174.69,,$174.69,*,,
9056,Gallium ga-68,K,,$51.090,.,$10.22,,$10.22,,,
9057,Inj nivol relatlimab 3mg/1mg,G,,$193.864,.,$38.78,,$38.78,*,,
9059,Vonvendi inj 1 iu vwf:rco,K,,$1.851,.,$0.38,,$0.38,,,
9067,Lutetium lu 177 dotatat ther,K,,$296.249,.,$59.25,,$59.25,,,
9068,Smallpox&monkeypox vac 0.5ml,K,,$0.010,.,$0.00,,$0.00,,,
9070,Inj luxturna 1 billion vec g,K,,"$3,173.225",.,$634.65,,$634.65,,,
9071,Capsaicin 8% patch,K,,$3.327,.,$0.67,,$0.67,,,
9073,Buprenorph xr 100 mg or less,K,,"$1,931.812",.,$386.37,,$386.37,,,
9074,"Makena, 10 mg",K,,$13.818,.,$2.77,,$2.77,,,
9075,"Inj, kovaltry, 1 i.u.",K,,$1.484,.,$0.30,,$0.30,,,
9077,Epoetin beta non esrd,K,,$1.206,.,$0.25,,$0.25,,,
9078,Testosterone undecanoate 1mg,K,,$1.918,.,$0.39,19.648%,$0.38,,Inflation-Adjusted Coinsurance,
9079,"Genvisc 850, inj, 1mg",K,,$6.172,.,$1.24,,$1.24,,,
9080,Fludarabine phosphate inj,K,,$168.300,.,$33.67,,$33.67,,,
9087,"Inj, clevidipine butyrate",K,,$2.804,.,$0.57,,$0.57,,,
9088,Peng benzathine/procaine inj,K,,$17.368,.,$3.48,16.673%,$2.90,,Inflation-Adjusted Coinsurance,
9094,Radiesse injection,K,,$333.420,.,$66.69,,$66.69,,,
9095,"Inj, sculptra, 0.5mg",K,,$1.000,.,$0.20,,$0.20,,,
9096,Inj retacrit esrd on dialysi,K,,$0.747,.,$0.15,,$0.15,,,
9097,Inj retacrit non-esrd use,K,,$7.469,.,$1.50,,$1.50,,,
9099,"Inj fosnetupitant, palonoset",K,,$658.100,.,$131.62,,$131.62,,,
9101,Vaccinia vrs vac 0.3 ml perq,K,,$0.010,.,$0.00,,$0.00,,,
9102,"Inj, fulvestrant (teva)",K,,$21.200,.,$4.24,,$4.24,,,
9103,"Inj, fulvestrant (fresenius)",K,,$12.257,.,$2.46,,$2.46,,Inflation-Adjusted Coinsurance,
9104,Antithymocyte globuln rabbit,K,,$950.264,.,$190.06,,$190.06,,,
9105,Inj pemetrexed (teva) 10mg,K,,$7.135,.,$1.43,,$1.43,,,
9106,"Inj, bupivacaine (posimir)",G,,$0.502,.,$0.11,,$0.11,,,
9107,"Inj, aponvie, 1 mg",G,,$1.857,.,$0.00,,$0.00,,,
9108,Thyrotropin injection,K,,"$2,067.908",.,$413.59,,$413.59,,,
9109,"Inj, elahere, 1 mg",G,,$68.109,.,$13.63,,$13.63,,,
9110,"Inj, tremelimumab-actl, 1 mg",G,,$138.432,.,$27.69,,$27.69,,,
9111,Inj teclistamab cqyv 0.5 mg,G,,$32.551,.,$6.52,19.984%,$6.51,,Inflation-adjusted coinsurance,
9112,Inj teplizumab mzwv 5 mcg,G,,$37.236,.,$7.45,,$7.45,,,
9113,Inj olipudase alfa-rpcp 1mg,G,,$381.579,.,$76.32,,$76.32,,,
9114,Inj eflapegrastim-xnst 0.1mg,G,,$22.135,.,$4.43,,$4.43,,,
9115,"Inj, spesolimab-sbzo, 1 mg",G,,$61.428,.,$12.29,,$12.29,,,
9116,"Chloroprocaine opht gel, 1mg",G,,$0.607,.,$0.00,,$0.00,,,
9117,"Inj, cimerli, 0.1 mg",G,,$168.744,.,$33.75,,$33.75,,,
9118,"Inj, fylnetra, 0.5 mg",G,,$183.517,.,$36.71,,$36.71,,,
9119,"Inj, pedmark, 100 mg",G,,$96.001,.,$19.21,,$19.21,,,
9120,"Injection, Fulvestrant",K,,$6.656,.,$1.34,,$1.34,,,
9122,Triptorelin pamoate,K,,$481.294,.,$96.26,,$96.26,,,
9123,"Inj pemetrexed, hospira 10mg",K,,$2.565,.,$0.52,,$0.52,,,
9125,"Risperidone, long acting",K,,$10.990,.,$2.20,,$2.20,,,
9126,Natalizumab injection,K,,$23.880,.,$4.78,,$4.78,,,
9127,Inj pemetrexed (accord) 10mg,K,,$9.736,.,$1.95,,$1.95,,,
9129,"Inj, stimufend, 0.5 mg",K,,$298.305,.,$59.67,,$59.67,,,
9131,"Inj, Ado-trastuzumab Emt 1mg",K,,$40.968,.,$8.20,,$8.20,,,
9132,Prothrombin complex kcentra,K,,$2.209,.,$0.45,,$0.45,,,
9133,"Rabies ig, im/sc",K,,$280.370,.,$56.08,,$56.08,,,
9134,"Rabies ig, heat treated",K,,$347.320,.,$69.47,,$69.47,,,
9135,"Varicella-zoster ig, im",K,,"$2,252.284",.,$450.46,,$450.46,,,
9136,Leuprolide depot cipla 7.5mg,G,,$235.280,.,$47.06,,$47.06,,,
9138,"Inj, hemgenix, per tx dose",G,,"$3,710,000.000",.,"$742,000.00",,"$1,676.00",,"Copayments capped at inpatient deductible of $1,676.00.",
9139,"Rabies vaccine, im",K,,$327.776,.,$65.56,,$65.56,,,
9140,"Rabies vaccine, id",K,,$264.470,.,$52.90,,$52.90,,,
9141,Inj onase abepar-xioi treat,K,,"$2,403,458.749",.,"$480,691.75",,"$1,676.00",,"Copayments capped at inpatient deductible of $1,676.00.",
9142,Fecalÿmicrobiota jslm 1 ml,G,,$63.600,.,$12.72,,$12.72,,,
9144,"Inj, panzyga, 500 mg",K,,$69.098,.,$13.82,,$13.82,,,
9145,"Inj, invega hafyera/trinza",K,,$12.622,.,$2.53,,$2.53,,,
9146,"Inj, ixinity, 1 i.u.",K,,$2.202,.,$0.45,,$0.45,,,
9149,"Inj ublituximab-xiiy, 1 mg",G,,$69.025,.,$13.81,,$13.81,,Inflation-Adjusted Coinsurance,
9150,"Inj mosunetuzumab-axgb, 1 mg",G,,$641.067,.,$128.22,,$128.22,,,
9154,"Inj, vivimusta, 1 mg",G,,$28.652,.,$5.74,,$5.74,,,
9155,"Inj, lenacapavir, 1 mg",G,,$21.982,.,$4.40,,$4.40,,,
9156,Inj pemetrexed ditromethamin,K,,$10.554,.,$2.12,,$2.12,,,
9157,"Inj, lecanemab-irmb, 1 mg",G,,$1.330,.,$0.27,,$0.27,,,
9158,"Inj, pegcetacoplan, 1mg",G,,$146.367,.,$29.28,,$29.28,,,
9159,"Inj, vegzelma, 10 mg",G,,$52.001,.,$10.41,,$10.41,,8% of reference add-on applied,
9166,"Inj, fosaprepitant (teva)",K,,$0.441,.,$0.09,18.105%,$0.08,,Inflation-Adjusted Coinsurance,
9171,Factor ix idelvion inj,K,,$5.207,.,$1.05,,$1.05,,,
9173,"Injection, fulphila",K,,$125.304,.,$25.07,,$25.07,,,
9174,"Inj, durolane 1 mg",K,,$6.702,.,$1.35,,$1.35,,,
9178,"Inj., meropenem, vaborbactam",K,,$2.101,.,$0.43,,$0.43,,,
9179,"Inj., aristada initio, 1 mg",K,,$3.131,.,$0.63,,$0.63,,,
9180,"Inj., patisiran, 0.1 mg",K,,$98.833,.,$19.77,,$19.77,,,
9181,"Inj., perseris, 0.5 mg",K,,$12.189,.,$2.44,,$2.44,,,
9182,"Inj mogamulizumab-kpkc, 1 mg",K,,$243.317,.,$48.67,,$48.67,,,
9183,"Inj., plazomicin, 5 mg",K,,$3.574,.,$0.72,,$0.72,,,
9186,"Inj., rituximab, 10 mg",K,,$76.730,.,$15.35,,$15.35,,,
9187,"Injection, burosumab-twza 1m",K,,$469.726,.,$93.95,18.894%,$88.76,,Inflation-Adjusted Coinsurance,
9188,Inj crotalidae im f(ab')2 eq,K,,"$1,027.168",.,$205.44,,$205.44,,,
9189,"Inj., ibalizumab-uiyk, 10 mg",K,,$77.133,.,$15.43,,$15.43,,,
9193,Nivestym,K,,$0.289,.,$0.06,,$0.06,,8% of reference add-on applied,
9194,Tisagenlecleucel car-pos t,K,,"$565,623.836",.,"$113,124.77",18.087%,"$1,676.00",,"Inflation-adjusted coinsurance;Copayments capped at inpatient deductible of $1,676.00.",
9195,"Injection, udenyca 0.5 mg",K,,$135.550,.,$27.12,,$27.12,,,
9196,"Inj, trivisc 1 mg",K,,$6.103,.,$1.23,,$1.23,,,
9198,"Inj andexxa, 10 mg",K,,$131.800,.,$26.37,,$26.37,,,
9200,"Inj, remdesivir, 1 mg",G,,$6.354,.,$1.28,,$1.28,*,,
9201,Rabies ig ht&sol human im/sc,K,,$250.524,.,$50.11,,$50.11,,,
9202,"Difelikefalin, esrd on dialy",K,,$0.128,.,$0.03,,$0.03,,,
9203,Inj cyclophosphamd auromedic,K,,$0.700,.,$0.14,,$0.14,,,
9204,"Inj tisotu vedotin-tftv, 1mg",G,,$181.874,.,$36.38,19.503%,$35.48,*,Inflation-Adjusted Coinsurance,
9205,Inj lon tesirin-lpyl 0.075mg,K,,$212.118,.,$42.43,,$42.43,,,
9206,Inj plasminogen tvmh 1mg,G,,$32.517,.,$6.51,,$6.51,*,,
9208,Agalsidase beta injection,K,,$223.517,.,$44.71,,$44.71,,,
9209,Laronidase injection,K,,$38.616,.,$7.73,,$7.73,,,
9213,Inj. pemetrexed nos 10mg,K,,$5.272,.,$1.06,,$1.06,,,
9214,Bevacizumab injection,K,,$73.190,.,$14.64,,$14.64,,,
9215,Cetuximab injection,K,,$77.095,.,$15.42,,$15.42,,,
9217,Leuprolide acetate suspnsion,K,,$180.794,.,$36.16,,$36.16,,,
9219,Procainamide hcl injection,K,,$183.031,.,$36.61,,$36.61,,,
9225,Fluocinolone acetonide implt,K,,$333.233,.,$66.65,,$66.65,,,
9230,Abatacept injection,K,,$43.797,.,$8.76,,$8.76,,,
9233,Ranibizumab injection,K,,$123.979,.,$24.80,,$24.80,,,
9235,Panitumumab injection,K,,$165.713,.,$33.15,18.661%,$30.93,,Inflation-Adjusted Coinsurance,
9236,Eculizumab injection,K,,$224.159,.,$44.84,,$44.84,,,
9237,"Inj, lanreotide acetate",K,,$44.983,.,$9.00,,$9.00,,,
9239,Buprenorphine xr over 100 mg,K,,"$1,931.812",.,$386.37,,$386.37,,,
9240,"Injection, ixabepilone",K,,$136.427,.,$27.29,19.758%,$26.96,,Inflation-adjusted coinsurance,
9241,Inj sirolimus prot part 1 mg,G,,$117.449,.,$23.49,19.361%,$22.74,*,Inflation-Adjusted Coinsurance,
9243,"Inj, bendamustine hcl, 1mg",K,,$1.802,.,$0.37,,$0.37,,,
9246,"Inj, abilify asimtufii, 1 mg",G,,$5.917,.,$1.19,,$1.19,,,
9247,"Inj, amisulpride, 1 mg",G,,$9.082,.,$0.00,,$0.00,,,
9250,Inj epcoritamab-bysp 0.16 mg,G,,$55.186,.,$11.04,,$11.04,,,
9251,C1 esterase inhibitor inj,K,,$64.066,.,$12.82,,$12.82,,,
9252,Plerixafor injection,K,,$37.078,.,$7.42,,$7.42,,,
9253,Temozolomide injection,K,,$10.409,.,$2.09,,$2.09,,,
9254,Flotufolastat f18 diag 1 mci,G,,$651.668,.,$0.00,,$0.00,,,
9255,"Inj, invega sustenna, 1 mg",K,,$14.733,.,$2.95,,$2.95,,,
9256,Dexamethasone intra implant,K,,$205.557,.,$41.12,,$41.12,,,
9257,"Inj., emicizumab-kxwh 0.5 mg",K,,$52.019,.,$10.41,,$10.41,,,
9258,Telavancin injection,K,,$7.396,.,$1.48,,$1.48,,,
9259,Pralatrexate injection,K,,$373.768,.,$74.76,19.958%,$74.60,,Inflation-Adjusted Coinsurance,
9260,Ofatumumab injection,K,,$62.234,.,$12.45,,$12.45,,,
9261,"Ustekinumab sub cu inj, 1 mg",K,,$155.883,.,$31.18,,$31.18,,,
9262,Inj tofersen intrathec 1 mg,G,,$155.338,.,$31.07,19.983%,$31.05,,Inflation-adjusted coinsurance,
9263,Ecallantide injection,K,,$563.098,.,$112.62,,$112.62,,,
9264,Tocilizumab injection,K,,$5.966,.,$1.20,,$1.20,,,
9266,"Inj, uzedy, 1 mg",G,,$24.719,.,$4.95,,$4.95,,,
9267,"Inj, rezafungin, 1 mg",G,,$10.424,.,$2.09,19.860%,$2.08,,Inflation-adjusted coinsurance,
9269,"C-1 esterase, berinert",K,,$72.456,.,$14.50,19.083%,$13.83,,Inflation-adjusted coinsurance,
9270,Gammaplex IVIG,K,,$56.766,.,$11.36,,$11.36,,,
9271,Velaglucerase alfa,K,,$374.019,.,$74.81,,$74.81,,,
9272,"Inj, denosumab",K,,$27.656,.,$5.54,18.237%,$5.05,,Inflation-Adjusted Coinsurance,
9273,Sipuleucel-T auto CD54+,K,,"$55,536.498",.,"$11,107.30",,"$1,676.00",,"Copayments capped at inpatient deductible of $1,676.00.",
9274,Crotalidae Poly Immune Fab,K,,"$1,779.644",.,$355.93,,$355.93,,,
9276,Cabazitaxel injection,K,,$224.090,.,$44.82,,$44.82,,,
9277,Altuviiio per factor viii iu,G,,$4.639,.,$0.93,,$0.93,,,
9278,Incobotulinumtoxin A,K,,$5.305,.,$1.07,,$1.07,,,
9280,"Inj, retifanlimab-dlwr, 1 mg",G,,$29.264,.,$5.86,,$5.86,,,
9281,"Injection, pegloticase",K,,"$3,550.048",.,$710.01,19.648%,$697.52,,Inflation-Adjusted Coinsurance,
9284,Ipilimumab injection,K,,$180.051,.,$36.02,,$36.02,,,
9285,Inj allopurinol sodium 1 mg,K,,$4.395,.,$0.88,,$0.88,,,
9286,Belatacept injection,K,,$3.933,.,$0.79,,$0.79,,,
9287,Brentuximab vedotin inj,K,,$248.930,.,$49.79,18.275%,$45.50,,Inflation-Adjusted Coinsurance,
9294,"Inj, taliglucerase alfa 10 u",K,,$41.621,.,$8.33,,$8.33,,,
9295,"Injection, Carfilzomib, 1 mg",K,,$51.965,.,$10.40,18.735%,$9.74,,Inflation-Adjusted Coinsurance,
9296,"Inj, ziv-aflibercept, 1mg",K,,$7.984,.,$1.60,,$1.60,,,
9297,"Inj, Omacetaxine Mep, 0.01mg",K,,$3.953,.,$0.80,,$0.80,,,
9299,Inj. jivi 1 iu,K,,$2.446,.,$0.49,,$0.49,,,
9300,Omalizumab injection,K,,$37.755,.,$7.56,,$7.56,,,
9301,"Aminolevulinic acid, 10% gel",K,,$1.722,.,$0.35,,$0.35,,,
9302,"Inj daunorubicin, cytarabine",K,,$248.410,.,$49.69,19.634%,$48.78,,Inflation-adjusted coinsurance,
9304,"Inj., cemiplimab-rwlc, 1 mg",K,,$28.206,.,$5.65,,$5.65,,,
9305,"Inj., lumoxiti, 0.01 mg",K,,$23.394,.,$4.68,,$4.68,,,
9306,"Inj., tildrakizumab, 1 mg",K,,$133.178,.,$26.64,,$26.64,,,
9308,Dexametha opth insert 0.1 mg,K1,,$112.947,.,$22.59,,$22.59,,,
9309,Inj. tagraxofusp-erzs 10 mcg,K,,$338.890,.,$67.78,,$67.78,,,
9310,"Inj., emapalumab-lzsg, 1 mg",K,,$376.569,.,$75.32,,$75.32,,,
9311,"Inj., omadacycline, 1 mg",K,,$3.916,.,$0.79,,$0.79,,,
9312,"Inj., ravulizumab-cwvz 10 mg",K,,$220.588,.,$44.12,,$44.12,,,
9313,Inj. belrapzo/bendamustine,K,,$17.125,.,$3.43,,$3.43,,,
9314,"Inj. herceptin hylecta, 10mg",K,,$63.064,.,$12.62,,$12.62,,,
9319,Somatropin injection,K,,$48.920,.,$9.79,,$9.79,,,
9320,Carbidopa levodopa ent 100ml,K,,$235.948,.,$47.19,,$47.19,,,
9323,Gallium ga-68 dotatoc,K,,$4.050,.,$0.81,,$0.81,,,
9324,Phenylep ketorolac opth soln,K1,,$96.844,.,$19.37,,$19.37,,,
9327,Inj. romosozumab-aqqg 1 mg,K,,$11.486,.,$2.30,19.485%,$2.24,,Inflation-Adjusted Coinsurance,
9328,"Inj., yutiq, 0.01 mg",K,,$525.893,.,$105.18,,$105.18,,,
9329,Inj mvasi 10 mg,K,,$28.727,.,$5.75,,$5.75,,8% of reference add-on applied,
9330,"Inj., kanjinti, 10 mg",K,,$34.688,.,$6.94,,$6.94,,8% of reference add-on applied,
9331,"Inj, polatuzumab vedotin 1mg",K,,$132.916,.,$26.59,,$26.59,,,
9335,Oral busulfan,K,,$84.210,.,$16.85,,$16.85,,,
9336,Inj truxima 10 mg,K,,$31.833,.,$6.37,,$6.37,,8% of reference add-on applied,
9338,"Inj., triluron, 1 mg",K,,$10.094,.,$2.02,,$2.02,,,
9340,"Inj, brolucizumab-dbll, 1 mg",K,,$338.891,.,$67.78,,$67.78,,,
9341,Inj  ogivri 10 mg,K,,$51.840,.,$10.37,,$10.37,,8% of reference add-on applied,
9343,Inj givosiran 0.5 mg,K,,$115.466,.,$23.10,,$23.10,,,
9345,Inj pegfilgrastim-bmez 0.5mg,K,,$24.711,.,$4.95,,$4.95,,,
9346,Mometasone sinus sinuva,K,,$11.345,.,$2.27,,$2.27,,,
9347,Inj luspatercept-aamt 0.25mg,K,,$41.275,.,$8.26,,$8.26,,,
9348,"Inj., zirabev, 10 mg",K,,$23.000,.,$4.61,,$4.61,,8% of reference add-on applied,
9349,Inj herzuma 10 mg,K,,$71.978,.,$14.40,,$14.40,,8% of reference add-on applied,
9350,"Inj., trazimera, 10 mg",K,,$18.969,.,$3.80,,$3.80,,8% of reference add-on applied,
9351,Inj bimatoprost itc imp 1mcg,K,,$209.889,.,$41.98,,$41.98,,,
9353,Inj fam-trastu deru-nxki 1mg,K,,$28.810,.,$5.77,,$5.77,,,
9354,Inj recombin esperoct per iu,K,,$2.185,.,$0.44,,$0.44,,,
9355,Inj. teprotumumab-trbw 10 mg,K,,$347.102,.,$69.43,,$69.43,,,
9357,Inj. eptinezumab-jjmr 1 mg,K,,$19.323,.,$3.87,19.419%,$3.76,,Inflation-adjusted coinsurance,
9358,Inj xipere 1 mg,G,,$48.422,.,$9.69,,$9.69,*,,
9359,Inj crizanlizumab-tmca 5mg,K,,$128.680,.,$25.74,,$25.74,,,
9361,Inj. cetirizine hcl 0.5mg,K,,$15.730,.,$3.15,,$3.15,,,
9362,Inj imip 4 cilas 4 releb 2mg,K,,$2.499,.,$0.50,,$0.50,,,
9364,Inj enfort vedo-ejfv 0.25mg,K,,$36.647,.,$7.33,19.072%,$6.99,,Inflation-Adjusted Coinsurance,
9366,Fiasp for insulin pump use,K,,$7.900,.,$1.58,,$1.58,,,
9367,"Inj ruxience, 10 mg",K,,$23.589,.,$4.72,,$4.72,,8% of reference add-on applied,
9370,Fluoroestradiol F 18,K,,$498.670,,$99.74,,$99.74,,,
9372,"Inj. xembify, 100 mg",K,,$14.255,.,$2.86,,$2.86,,,
9374,Mitomycin instillation,K,,$311.356,.,$62.28,,$62.28,,,
9375,"Inj., evomela, 1 mg",K,,$18.003,.,$3.61,,$3.61,,,
9376,Sacituzumab govitecan-hziy,K,,$35.438,.,$7.09,,$7.09,,,
9377,Inj. isatuximab-irfc 10 mg,K,,$79.347,.,$15.87,,$15.87,,,
9378,"Daratumumab, hyaluronidase",K,,$51.386,.,$10.28,,$10.28,,,
9381,"Inj. avsola, 10 mg",K,,$19.825,.,$3.97,,$3.97,,8% of reference add-on applied,
9382,Inj ontruzant 10 mg,K,,$26.369,.,$5.28,,$5.28,,8% of reference add-on applied,
9383,Copper cu 64 dotatate diag,K,,$595.100,,$119.02,,$119.02,,,
9384,Inj belantamab mafodot blmf,K,,$41.730,.,$8.35,,$8.35,,,
9385,"Inj., tafasitamab-cxix",K,,$13.966,.,$2.80,,$2.80,,,
9388,Inj. fe derisomaltose 10 mg,K,,$20.774,.,$4.16,,$4.16,,,
9389,"Inj. lurbinectedin, 0.1 mg",K,,$204.899,.,$40.98,,$40.98,,,
9390,"Pertuzu, trastuzu, 10 mg",K,,$63.880,.,$12.78,,$12.78,,,
9391,Brexucabtagene car pos t,K,,"$488,051.510",.,"$97,607.60",19.483%,"$1,676.00",,"Inflation-adjusted coinsurance;Copayments capped at inpatient deductible of $1,676.00.",
9392,Inj. asceniv,K,,$494.970,.,$99.00,,$99.00,,,
9394,"Inj. inebilizumab-cdon, 1 mg",K,,$484.403,.,$96.89,,$96.89,,,
9396,"Afamelanotide implant, 1 mg",K,,"$2,873.329",.,$574.67,,$574.67,,,
9398,"Covid-19 Vaccine Admin Dose 2 of 2, Single Dose Product or Additional Dose",S,0.4656,$41.520,.,$0.00,,,,,
9399,"Pneumococcal, Influenza, Hepatitis B, and/or Covid-19 Vaccine Home Administration",S,0.4133,$36.850,.,$0.00,,,,,
9406,"Inj, nyvepria",K,,$117.010,.,$23.41,,$23.41,,,
9407,"Inj. lumasiran, 0.5 mg",K,,$318.006,.,$63.61,,$63.61,,,
9408,"Inj. naxitamab-gqgk, 1 mg",K,,$642.289,.,$128.46,,$128.46,,Inflation-Adjusted Coinsurance,
9409,Gallium ga-68 psma-11 ucsf,K,,$534.910,,$106.99,,$106.99,,,
9410,"Gallium ga-68 psma-11, ucla",K,,$372.170,,$74.44,,$74.44,,,
9411,"Inj. riabni, 10 mg",K,,$36.776,.,$7.36,,$7.36,,8% of reference add-on applied,
9413,lisocabtagene car pos t,K,,"$516,485.967",.,"$103,297.20",19.404%,"$1,676.00",,"Inflation-adjusted coinsurance;Copayments capped at inpatient deductible of $1,676.00.",
9414,"Inj, cabote rilpivir 2mg 3mg",K,,$23.174,.,$4.64,,$4.64,,,
9415,"Injection, trilaciclib, 1mg",K,,$5.366,.,$1.08,,$1.08,,,
9416,"Inj, evinacumab-dgnb, 5 mg",K,,$186.306,.,$37.27,,$37.27,,,
9418,"Inj. margetuximab-cmkb, 5 mg",K,,$49.400,.,$9.88,,$9.88,,,
9419,Inj fensolvi 0.25 mg,K,,$868.229,.,$173.65,,$173.65,,,
9421,"Inj, granisetron, xr, 0.1 mg",K,,$5.514,.,$1.11,,$1.11,,,
9422,Idecabtagene vicleucel car,K,,"$528,312.427",.,"$105,662.49",19.395%,"$1,676.00",,"Inflation-adjusted coinsurance;Copayments capped at inpatient deductible of $1,676.00.",
9426,"Inj, cefiderocol, 10 mg",K,,$2.282,.,$0.46,,$0.46,,,
9427,"Injection, oritavancin 10 mg",K,,$43.324,.,$8.67,,$8.67,,,
9428,Inj romidepsin non-lyo 0.1mg,K,,$28.517,.,$5.71,,$5.71,,,
9429,Inj romidepsin lyophil 0.1mg,K,,$30.392,.,$6.08,,$6.08,,,
9430,"Piflu f-18, dia 1 millicurie",K,,$332.440,,$66.49,,$66.49,,,
9431,"Inj, dostarlimab-gxly, 10 mg",K,,$240.064,.,$48.02,,$48.02,,,
9432,"Inj, amivantamab-vmjw",K,,$21.558,.,$4.32,19.138%,$4.13,,Inflation-Adjusted Coinsurance,
9433,Inj aval alfa-nqpt 4mg,K,,$77.861,.,$15.58,,$15.58,,,
9434,Inj anifrolumab-fnia 1mg,K,,$17.763,.,$3.56,,$3.56,,,
9436,Inj pegfilgrast ex bio 0.5mg,K,,$19.981,.,$4.00,,$4.00,,,
9437,"Inj, aspara, rylaze, 0.1 mg",K,,$54.140,.,$10.83,19.549%,$10.59,,Inflation-Adjusted Coinsurance,
9438,"Injection, aducanumab-avwa, 2 mg",K,,$5.978,.,$1.20,,$1.20,,,
9439,"Inj, susvimo 0.1 mg",G,,$80.460,.,$16.10,,$16.10,*,,
9440,"Instill, bupivac and meloxic",G,,$0.769,.,$0.16,,$0.16,*,,
9441,Inj ferric carboxymaltos 1mg,K,,$1.105,.,$0.23,,$0.23,,,
9442,"Inj. pemetrexed, 10 mg",G,,$52.695,.,$10.54,,$10.54,*,,
9443,Gallium illuccix 1 millicure,G,,"$1,037.413",.,$207.49,,$207.49,*,,
9444,"Inj, sutimlimab-jome, 10 mg",G,,$18.127,.,$3.63,,$3.63,*,,
9445,"Injection, ruconest",K,,$34.665,.,$6.94,,$6.94,,,
9446,"Inj, tebentafusp-tebn, 1 mcg",G,,$214.756,.,$42.96,,$42.96,*,,
9447,"Inj, releuko 1 mcg",G,,$0.451,.,$0.10,,$0.10,*,8% of reference add-on applied,
9448,"Oral netupitant, palonosetro",K,,$399.872,.,$79.98,19.030%,$76.10,,Inflation-Adjusted Coinsurance,
9449,"Injection, blinatumomab",K,,$152.507,.,$30.51,19.281%,$29.41,,Inflation-Adjusted Coinsurance,
9450,Fluocinol acet intravit imp,K,,$493.684,.,$98.74,,$98.74,,,
9451,"Injection, peramivir",K,,$1.678,.,$0.34,,$0.34,,,
9452,Inj ceftolozane tazobactam,K,,$8.149,.,$1.63,19.587%,$1.60,,Inflation-Adjusted Coinsurance,
9453,"Injection, nivolumab",K,,$32.296,.,$6.46,,$6.46,,,
9454,"Inj, pasireotide long acting",K,,$533.498,.,$106.70,15.840%,$84.51,,Inflation-Adjusted Coinsurance,
9455,"Injection, siltuximab",K,,$155.968,.,$31.20,18.799%,$29.33,,Inflation-Adjusted Coinsurance,
9456,"Injection, isavuconazonium",K,,$0.985,.,$0.20,19.850%,$0.20,,Inflation-Adjusted Coinsurance,
9458,Florbetaben f18 diagnostic,K,,"$1,273.760",.,$254.76,,$254.76,,,
9459,Flutemetamol f18 diagnostic,K,,$874.400,.,$174.88,,$174.88,,,
9460,"Injection, cangrelor",K,,$18.820,.,$3.77,,$3.77,,,
9461,Choline c-11,K,,"$2,062.940",.,$412.59,,$412.59,,,
9463,"Inj., aprepitant, 1 mg",K,,$1.701,.,$0.35,,$0.35,,,
9466,"Inj., benralizumab, 1 mg",K,,$165.894,.,$33.18,,$33.18,,,
9467,"Inj rituximab, hyaluronidase",K,,$36.576,.,$7.32,,$7.32,,,
9468,Factor ix recomb gly rebinyn,K,,$4.394,.,$0.88,,$0.88,,,
9469,Inj triamcinolone ace xr 1mg,K,,$17.998,.,$3.60,,$3.60,,,
9470,Aripirazole lauroxil 1 mg,K,,$3.233,.,$0.65,,$0.65,,,
9471,Hymovis injection 1 mg,K,,$17.415,.,$3.49,,$3.49,,,
9472,Inj talimogene laherparepvec,K,,$70.367,.,$14.08,19.315%,$13.60,,Inflation-Adjusted Coinsurance,
9473,"Injection, mepolizumab, 1mg",K,,$30.687,.,$6.14,,$6.14,,,
9474,Inj irinotecan liposome 1 mg,K,,$64.215,.,$12.85,,$12.85,,,
9475,"Injection, necitumumab, 1 mg",K,,$5.731,.,$1.15,,$1.15,,,
9476,"Injection, daratumumab 10 mg",K,,$65.317,.,$13.07,,$13.07,,,
9477,"Injection, elotuzumab, 1mg",K,,$7.721,.,$1.55,,$1.55,,,
9478,Inj sebelipase alfa 1 mg,K,,$539.519,.,$107.91,,$107.91,,,
9480,Injection trabectedin 0.1mg,K,,$362.750,.,$72.56,,$72.56,,,
9481,"Injection, reslizumab",K,,$10.319,.,$2.07,,$2.07,,,
9482,Sotalol hydrochloride IV,K,,$22.783,.,$4.56,18.559%,$4.23,,Inflation-Adjusted Coinsurance,
9483,"Inj, atezolizumab,10 mg",K,,$88.223,.,$17.65,,$17.65,,,
9487,"Ustekinumab, iv inject,1 mg",K,,$12.759,.,$2.56,,$2.56,,,
9489,"Inj, nusinersen, 0.1mg",K,,"$1,246.988",.,$249.40,,$249.40,,,
9490,"Inj, bezlotoxumab, 10 mg",K,,$39.865,.,$7.98,,$7.98,,,
9491,"Injection, avelumab, 10 mg",K,,$96.948,.,$19.39,,$19.39,,,
9492,"Inj., durvalumab, 10 mg",K,,$83.883,.,$16.78,,$16.78,,,
9493,"Injection, edaravone, 1 mg",K,,$21.682,.,$4.34,,$4.34,,,
9494,"Injection, ocrelizumab",K,,$58.766,.,$11.76,,$11.76,,,
9495,Gemtuzumab ozogamicin inj,K,,$233.119,.,$46.63,,$46.63,,,
9496,"Inj, faricimab-svoa, 0.1mg",G,,$35.246,.,$7.05,,$7.05,*,,
9498,Ciltacabtagene car-pos t,G,,"$551,318.337",.,"$110,263.67",18.983%,"$1,676.00",*,"Inflation-adjusted coinsurance;Copayments capped at inpatient deductible of $1,676.00.",
9500,"Platelets, irradiated",R,1.5227,$135.780,.,$27.16,,,,,
9501,Platelet pheres leukoreduced,R,5.4627,$487.100,.,$97.42,,,,,
9502,Platelet pheresis irradiated,R,6.5903,$587.650,.,$117.53,,,,,
9503,Fr frz plasma donor retested,R,0.5487,$48.930,.,$9.79,,,,,
9504,RBC deglycerolized,R,7.3315,$653.740,.,$130.75,,,,,
9505,RBC irradiated,R,1.6734,$149.220,.,$29.85,,,,,
9507,"Platelets, pheresis",R,4.4537,$397.130,.,$79.43,,,,,
9508,Plasma 1 donor frz w/in 8 hr,R,0.9453,$84.290,.,$16.86,,,,,
9509,"Frozen plasma, pooled, sd",R,0.6988,$62.310,.,$12.47,,,,,
9510,Whole blood for transfusion,R,2.5246,$225.120,.,$45.03,,,,,
9511,Cryoprecipitate each unit,R,0.7129,$63.570,.,$12.72,,,,,
9512,RBC leukocytes reduced,R,2.0411,$182.000,.,$36.40,,,,,
9513,"Plasma, frz between 8-24hour",R,0.7973,$71.090,.,$14.22,,,,,
9514,"Plasma protein fract,5%,50ml",R,0.0905,$8.070,.,$1.62,,,,,
9515,"Platelets, each unit",R,0.8519,$75.960,.,$15.20,,,,,
9516,Plaelet rich plasma unit,R,6.2502,$557.320,.,$111.47,,,,,
9517,Red blood cells unit,R,1.6185,$144.320,.,$28.87,,,,,
9518,Washed red blood cells unit,R,4.4508,$396.870,.,$79.38,,,,,
9519,"Plasmaprotein fract,5%,250ml",R,0.8267,$73.720,.,$14.75,,,,,
9520,Blood split unit,R,1.5902,$141.800,.,$28.36,,,,,
9521,Platelets leukoreduced irrad,R,2.3034,$205.390,.,$41.08,,,,,
9522,RBC leukoreduced irradiated,R,2.8687,$255.800,.,$51.16,,,,,
9523,Cryoprecipitatereducedplasma,R,1.6519,$147.300,.,$29.46,,,,,
9524,"Blood, l/r, cmv-neg",R,1.9312,$172.200,.,$34.44,,,,,
9525,"Platelets, hla-m, l/r, unit",R,8.7193,$777.490,.,$155.50,,,,,
9526,Platelets leukocytes reduced,R,1.4105,$125.770,.,$25.16,,,,,
9527,"Blood, l/r, froz/degly/wash",R,2.7189,$242.440,.,$48.49,,,,,
9528,"Plt, aph/pher, l/r, cmv-neg",R,2.5485,$227.250,.,$45.45,,,,,
9529,"Blood, l/r, irradiated",R,0.9439,$84.170,.,$16.84,,,,,
9530,Plate pheres leukoredu irrad,R,7.5773,$675.660,.,$135.14,,,,,
9531,"Plt, pher, l/r cmv-neg, irr",R,5.1501,$459.230,.,$91.85,,,,,
9532,"RBC, frz/deg/wsh, l/r, irrad",R,5.4433,$485.370,.,$97.08,,,,,
9533,"RBC, l/r, cmv-neg, irrad",R,2.4993,$222.860,.,$44.58,,,,,
9534,Pathogen reduced plasma pool,R,0.6292,$56.110,.,$11.23,,,,,
9535,Pathogen reduced plasma sing,R,3.2806,$292.530,.,$58.51,,,,,
9536,Platelets pheresis path redu,R,6.5861,$587.280,.,$117.46,,,,,
9537,Blood component/product noc,R,0.5487,$48.930,.,$9.79,,,,,
9538,Plasma cryo redu path each,R,1.5157,$135.150,.,$27.03,,,,,
9539,Cryo fib comp path redu each,R,3.5188,$313.770,.,$62.76,,,,,
9540,Covid-19 convalescent plasma,R,4.7732,$425.620,.,$85.13,,,,,
9541,Rbc o2 co2 reduced,R,5.4627,$487.100,.,$97.42,,,,,
